ligand,receptor
Calm1,Trpc3
S100a10,Trpv6
Notch1,Jag2
Jag2,Notch1
Dll1,Notch1
Notch1,Dll1
Igf1,Igf1r
Notch1,Jag1
Jag1,Notch1
Tgfa,Erbb2
Sfrp2,Wnt4
Sfrp1,Wnt4
Sfrp2,Wnt1
Sfrp1,Wnt2
Sfrp1,Wnt1
Wnt5a,Fzd2
Il22,Il10rb
Epo,Epor
Epor,Epo
Cxcl16,Cxcr6
Ccl3l1,Ccr5
Tnfsf10,Tnfrsf10c
Il10,Il10ra
Ifng,Ifngr1
Igf2,Igf2r
Flt3lg,Flt3
Kitlg,Kit
Igf2,Igf1r
Cxcl9,Cxcr3
Ccl5,Ccr5
Ccl8,Ccr5
Ccl4,Ccr5
Il6,Il6st
Egfr,Egf
Egf,Egfr
Il1a,Il1r1
Dkk1,Lrp6
Dkk1,Lrp5
Wnt5a,Fzd5
Fpr2,Anxa1
Gnai2,Mtnr1a
Mtnr1a,Gnai2
Cd28,Cd86
Cd86,Cd28
Cd28,Cd80
Cd80,Cd28
Anxa1,Fpr2
Tnfsf14,Ltbr
Cd40lg,Cd40
Lta,Tnfrsf1a
Ltbr,Ltb
Ltb,Ltbr
Nrg1,Erbb2
Ndp,Fzd4
Ngf,Ntrk1
Il4,Il4r
Timd4,Havcr1
Sfrp1,Fzd6
Egfr,Tgfa
Tgfa,Egfr
Mfng,Notch2
Ceacam1,Egfr
Cxcl10,Cxcr3
Csf3,Csf3r
Csf2,Csf2ra
Hgf,Met
Tnf,Tnfrsf1b
Tnfrsf1b,Tnf
Ins,Insr
Tnfsf9,Tnfrsf9
Tnfrsf9,Tnfsf9
Fadd,Fas
Cd27,Cd70
Cd70,Cd27
Fas,Faslg
Faslg,Fas
Tnfsf10,Tnfrsf10d
Tnfrsf10b,Tnfsf10
Tnfsf10,Tnfrsf10b
Tnfrsf10a,Tnfsf10
Tnfsf10,Tnfrsf10a
Fadd,Tradd
Tnf,Tnfrsf1a
Tnfrsf1a,Tnf
Shh,Ptch1
Dhh,Ptch1
Ihh,Ptch1
Gnrh1,Gnrhr
Wnt5a,Ror2
Lgals9,Havcr2
Jag1,Notch2
Notch2,Jag1
Jag1,Notch3
Notch3,Jag1
Tgfb1,Acvrl1
Shh,Ptch2
Wnt4,Fzd6
Notch2,Jag2
Jag2,Notch2
Notch3,Jag2
Jag2,Notch3
Wnt1,Lrp6
Wnt1,Ryk
Il6,Il6r
Tgfb3,Tgfbr2
Tgfb3,Tgfbr3
Tgfb2,Tgfbr3
Tgfb2,Tgfbr2
Tgfb2,Tgfbr1
Wnt3a,Ryk
Cxcl11,Cxcr3
Dkk1,Kremen1
Wnt3a,Fzd1
Wnt2,Fzd1
Wnt3,Fzd1
Wnt5a,Fzd1
Arf4,Egfr
Dkk1,Kremen2
Ctla4,Cd80
Cd80,Ctla4
Psen1,Notch1
Il1rn,Il1r1
Wnt7a,Fzd5
Psen1,Notch3
Il2,Il2rg
Il2,Il2rb
Il2,Il2ra
Dhh,Ptch2
Psen1,Notch2
Plxna1,Notch1
Ccn3,Notch1
Il3,Csf2rb
Wnt3a,Lrp6
Cntn1,Notch2
Cntn1,Notch1
Il1rn,Il1r2
Il5,Il5ra
Il9,Il2rg
Ctla4,Cd86
Cd86,Ctla4
Ihh,Ptch2
Il1b,Il1r2
Ngf,Ngfr
Il3,Il3ra
Il7,Il7r
Psen1,Notch4
Icoslg,Icos
Icos,Icoslg
Shh,Gas1
Il1a,Il1r2
Wnt1,Lrp5
Tgfb1,Tgfbr2
Tgfb1,Tgfbr3
Tgfbr3,Tgfb1
Tgfb1,Tgfbr1
Il9,Il9r
Dll1,Notch2
Notch2,Dll1
Dll1,Notch3
Notch3,Dll1
Notch4,Dll4
Dll4,Notch4
Il1b,Il1r1
Lif,Lifr
Il13,Il13ra1
Il13,Il13ra2
Bmp2,Bmpr2
Gdf5,Bmpr2
Prl,Prlr
Gh1,Prlr
Gh1,Ghr
Ifng,Ifngr2
Tslp,Crlf2
Ins,Igf1r
Il12a,Il12rb1
Ifna1,Ifnar1
Ifnb1,Ifnar1
Ifna1,Ifnar2
Ifnb1,Ifnar2
Il15,Il15ra
Nrg3,Erbb4
Nrg1,Erbb4
Frzb,Wnt1
Shh,Hhip
Hhip,Shh
Egfr,Areg
Areg,Egfr
Egfr,Hbegf
Hbegf,Egfr
Nrg4,Erbb4
Adam10,Notch2
Dll3,Notch1
Wnt5a,Fzd4
Il23a,Il12rb1
Notch1,Dll4
Dll4,Notch1
Shh,Lrp2
Il23a,Il23r
Psen1,Ncstn
Lrig1,Egfr
Il31,Osmr
Osm,Osmr
Il21,Il21r
Amh,Amhr2
Inhba,Acvr2b
Bmp7,Acvr2b
Bmp2,Acvr2b
Bmp7,Bmpr2
Bmp6,Bmpr2
Gdf6,Bmpr2
Bmp4,Bmpr2
Shh,Boc
Il20,Il22ra1
Il24,Il22ra1
Il26,Il20ra
Il19,Il20ra
Il20,Il20ra
Il24,Il20ra
Il27,Il27ra
Mfap5,Notch1
Ctf1,Il6st
Mtmr4,Smad3
Pdgfc,Pdgfra
Pdgfc,Pdgfrb
Pdgfa,Pdgfra
Pdgfb,Pdgfra
Fgf1,Fgfr1
Fgf1,Fgfr2
Fgfr2,Fgf1
Fgf2,Fgfr2
Fgfr2,Fgf2
Fgf3,Fgfr2
Fgfr2,Fgf3
Fgf4,Fgfr2
Fgf7,Fgfr2
Fgfr2,Fgf7
Fgf8,Fgfr2
Fgf10,Fgfr2
Fgfr2,Fgf10
Flt1,Vegfb
Vegfb,Flt1
Efna1,Epha1
Efna2,Epha2
Epha2,Efna2
Efna5,Epha5
Ephb3,Efnb3
Efnb3,Ephb3
Efna1,Epha6
Efna2,Epha6
Efna3,Epha6
Efna4,Epha6
Efna5,Epha6
Efnb2,Ephb4
Efna5,Epha7
Epha7,Efna5
Efna1,Epha8
Efna1,Epha4
Efna5,Epha4
Epha4,Efna5
Efna1,Epha2
Angpt2,Tek
Efna1,Epha3
Epha3,Efna1
Epha3,Efna5
Efna5,Epha3
Efna1,Epha5
Ephb4,Efnb2
Gdnf,Ret
Tek,Angpt2
Tek,Angpt1
Angpt1,Tek
Tek,Angpt4
Angpt4,Tek
Agrn,Musk
Gas6,Axl
Gas6,Mertk
Frzb,Wnt5a
Il26,Il10rb
Thpo,Mpl
Cntf,Cntfr
Nrg2,Erbb3
Erbb3,Nrg2
Nrg2,Erbb4
Lep,Lepr
Erbb3,Nrg1
Nrg1,Erbb3
Frzb,Wnt8a
Dhh,Hhip
Hhip,Dhh
Ihh,Hhip
Hhip,Ihh
Wnt8a,Fzd8
Wif1,Wnt8a
Egfr,Btc
Btc,Egfr
Btc,Erbb4
Hbegf,Erbb4
Bmp8b,Bmpr1a
Egf,Erbb2
Erbb2,Egf
Dll3,Notch2
Wnt2,Fzd9
Il11,Il11ra
Il31,Il31ra
Gdf11,Acvr2b
Nodal,Acvr2b
Gdf5,Acvr2b
Bmp15,Bmpr2
Csf2,Csf3r
Ifnk,Ifnar1
Ifnl1,Il10rb
Ifnl2,Il10rb
Ifnl3,Il10rb
Il10,Il10rb
Ifnk,Ifnar2
Ifnl1,Ifnlr1
Ifnl2,Ifnlr1
Ifnl3,Ifnlr1
Il19,Il20rb
Il20,Il20rb
Il24,Il20rb
Il22,Il22ra2
Mdk,Notch2
Mfap2,Notch1
Ctf1,Lifr
Tgfb1,Itgb8
Tgfb1,Itgb6
Ntf3,Ntrk3
Pdgfd,Pdgfrb
Fgf6,Fgfr2
Fgf17,Fgfr2
Fgf18,Fgfr2
Fgf22,Fgfr2
Efna3,Epha7
Fgfr3,Fgf9
Fgf9,Fgfr3
Mst1,Mst1r
Bdnf,Ntrk2
Efna3,Epha3
Efna4,Epha4
Epha4,Efna4
Ephb1,Efnb1
Efnb1,Ephb1
Ephb2,Efnb2
Efnb2,Ephb2
Efna1,Epha7
Efna2,Epha7
Epha7,Efna2
Epha7,Efna3
Efna4,Epha7
Epha7,Efna4
Efna2,Epha8
Epha8,Efna2
Epha8,Efna3
Efna3,Epha8
Epha8,Efna4
Efna4,Epha8
Epha8,Efna5
Efna5,Epha8
Epha2,Efna4
Efna4,Epha2
Efna4,Epha3
Efna2,Epha5
Efna3,Epha5
Efna4,Epha5
Efnb2,Ephb1
Ephb1,Efnb2
Ephb2,Efnb1
Efnb1,Ephb2
Ephb3,Efnb1
Efnb1,Ephb3
Efnb2,Ephb3
Ephb3,Efnb2
Efnb2,Epha3
Afdn,Ephb3
Ptn,Alk
Mdk,Alk
Angpt4,Tie1
Angptl1,Tek
Wnt5a,Ror1
Gnai2,Ccr5
Cxcl12,Ackr3
Ccl19,Ackr4
Ccl21,Ackr4
Ccl25,Ackr4
Adm,Calcrl
Adm,Ramp2
Adm2,Calcrl
Grp,Grpr
Adm2,Ramp2
Calca,Calcrl
Calca,Ramp2
Calca,Calcr
Calcb,Calcrl
Calcb,Ramp2
Adm,Ramp3
Adm2,Ramp3
Calca,Ramp3
Calcb,Ramp3
Adm,Calcr
Adm,Ramp1
Adm2,Calcr
Adm2,Ramp1
Calca,Ramp1
Iapp,Calcr
Apln,Aplnr
Iapp,Ramp1
Calcb,Calcr
Calcb,Ramp1
Iapp,Ramp2
Iapp,Ramp3
Apela,Aplnr
Agt,Agtr1
Agt,Agtr2
Pros1,Axl
Nmb,Nmbr
Nmb,Grpr
Kng1,Bdkrb1
Kng1,Bdkrb2
C3,C3ar1
C5,C5ar1
Ccl26,Ccr3
Rps19,C5ar1
C5,C5ar2
Cck,Cckbr
Ccl14,Ccr1
Ccl15,Ccr1
Ccl23,Ccr1
Ccl3,Ccr1
Ccl5,Ccr1
Ccl7,Ccr1
Ccl4,Ccr1
Ccl27,Ccr10
Ccl13,Ccr2
Ccl2,Ccr2
Ccl7,Ccr2
Ccl8,Ccr2
Ccl11,Ccr2
Ccl24,Ccr2
Ccl24,Ccr3
Ccl26,Ccr2
Ccl11,Ccr3
Ccl13,Ccr3
Ccl15,Ccr3
Ccl2,Ccr3
Ccl5,Ccr3
Ccl7,Ccr3
Ccl17,Ccr4
Ccl22,Ccr4
Ccl11,Ccr5
Ccl13,Ccr5
Ccl14,Ccr5
Ccl2,Ccr5
Ccl3,Ccr5
Ccl7,Ccr5
Defb4b,Ccr6
Ccl20,Ccr6
Ccl19,Ccr7
Ccl21,Ccr7
Ccl1,Ccr8
Ccl19,Ccrl2
Cxcl6,Cxcr1
Thbs1,Cd47
Rarres2,Cmklr1
Rarres2,Cmklr2
Crh,Crhr1
Ucn,Crhr1
Ucn2,Crhr1
Crh,Crhr2
Ucn,Crhr2
Ucn2,Crhr2
Ucn3,Crhr2
Cxcl8,Cxcr1
Cxcl1,Cxcr2
Cxcl2,Cxcr2
Cxcl3,Cxcr2
Cxcl5,Cxcr2
Cxcl6,Cxcr2
Ppbp,Cxcr2
Cxcl8,Cxcr2
Ccl13,Cxcr3
Ccl19,Cxcr3
Mt-rnr2,Fpr3
Ccl20,Cxcr3
Ccl5,Cxcr3
Cxcl12,Cxcr3
Ccl11,Cxcr3
Wnt3a,Fzd6
Ccl7,Cxcr3
Cxcl12,Cxcr4
Cxcl13,Cxcr5
Cx3cl1,Cx3cr1
Pomc,Oprd1
Pdyn,Oprd1
Penk,Oprd1
Eda,Edar
Eda,Eda2r
Edn1,Ednra
Edn2,Ednra
Edn3,Ednrb
Fgf19,Fgfr4
Mt-rnr2,Fpr2
Camp,Fpr2
Saa1,Fpr2
Anxa1,Fpr3
Hebp1,Fpr3
Wnt5a,Fzd6
Gal,Galr1
Spx,Galr2
Gal,Galr2
Spx,Galr3
Gcg,Gcgr
Gal,Galr3
Gdf15,Gfral
Ghrl,Ghsr
Gip,Gipr
Gcg,Glp1r
Gcg,Glp2r
Gnrh2,Gnrhr
Nppa,Npr1
Nppb,Npr1
Nppc,Npr2
Ccl16,Hrh4
Psap,Gpr37
Psap,Gpr37l1
Ccl5,Gpr75
Rspo1,Lgr4
Rspo2,Lgr4
Rspo3,Lgr4
Rspo4,Lgr4
Rspo1,Lgr5
Rspo2,Lgr5
Rspo3,Lgr5
Rspo4,Lgr5
Rspo3,Lgr6
Rspo1,Lgr6
Rspo2,Lgr6
Il15,Il2rg
Rspo4,Lgr6
Penk,Mrgprx1
Adm,Mrgprx2
Il15,Il2rb
Il22,Il22ra1
Pdyn,Oprk1
Pomc,Oprk1
Kiss1,Kiss1r
Cga,Lhcgr
Cgb8,Lhcgr
Lhb,Lhcgr
Pmch,Mchr1
Pmch,Mchr2
Pomc,Mc1r
Mln,Mlnr
Pomc,Mc3r
Agrp,Mc3r
Pomc,Mc4r
Agrp,Mc4r
Pomc,Mc5r
Agrp,Mc5r
Pdyn,Oprm1
Penk,Oprm1
Calm1,Mylk
Calm2,Mylk2
Calm2,Mylk
Calm3,Mylk
Calm1,Mylk2
Calm3,Mylk2
Ostn,Npr3
Tac1,Tacr1
Tac3,Tacr1
Tac1,Tacr2
Tac3,Tacr2
Tac1,Tacr3
Tac3,Tacr3
Nms,Nmur1
Nmu,Nmur1
Sct,Sctr
Nms,Nmur2
Nmu,Nmur2
Npb,Npbwr1
Npw,Npbwr1
Sst,Sstr4
Npb,Npbwr2
Npw,Npbwr2
Npff,Npffr1
Npvf,Npffr1
Npff,Npffr2
Nps,Npsr1
Nts,Ntsr1
Nts,Ntsr2
Oxt,Oxtr
Avp,Oxtr
Hcrt,Hcrtr1
Hcrt,Hcrtr2
Adcyap1,Adcyap1r1
Vip,Adcyap1r1
Prok1,Prokr1
Prok2,Prokr1
Prok1,Prokr2
Prok2,Prokr2
Cort,Sstr5
Prlh,Prlhr
Npy,Prlhr
Pthlh,Pth1r
Pth2,Pth1r
Sst,Sstr5
Pthlh,Pth2r
Qrfp,Qrfpr
Rln2,Rxfp1
Rln1,Rxfp1
Rln3,Rxfp1
Insl3,Rxfp2
Rln2,Rxfp2
Rln1,Rxfp2
Rln3,Rxfp2
Rln3,Rxfp3
Insl5,Rxfp3
Insl5,Rxfp4
Rln3,Rxfp4
Vip,Sctr
Selp,Selplg
Selplg,Selp
Cort,Sstr1
Sst,Sstr1
Cort,Sstr2
Sst,Sstr2
Cort,Sstr3
Sst,Sstr3
Cort,Sstr4
Gas6,Tyro3
Pros1,Tyro3
Uts2,Uts2r
Uts2b,Uts2r
Ghrh,Vipr1
Adcyap1,Vipr1
Vip,Vipr1
Adcyap1,Vipr2
Vip,Vipr2
Ppy,Npy5r
Oxt,Avpr1a
Avp,Avpr1a
Oxt,Avpr1b
Avp,Avpr1b
Oxt,Avpr2
Avp,Avpr2
Xcl1,Xcr1
Xcl2,Xcr1
Npy,Npy2r
Pyy,Npy2r
Npy,Npy4r
Ppy,Npy4r
Pyy,Npy4r
Npy,Npy5r
Gnas,Adcy1
Gnas,Adrb2
Fn1,Itgb1
Calm3,Pde1a
Calm1,Pde1a
Calm2,Pde1a
Calm3,Pde1b
Calm1,Pde1b
Calm2,Pde1b
Calm3,Pde1c
Calm1,Pde1c
Calm2,Pde1c
Reln,Itgb1
Calm3,Grm7
Calm1,Grm7
Calm2,Grm7
Col1a1,Itgb1
Vtn,Itgb1
Fga,Itgb1
Penk,Oprk1
Cd14,Tlr4
Irak4,Tlr4
Ifna17,Ifnar2
Ifna17,Ifnar1
Afdn,Epha7
Afdn,Ephb2
Afdn,Ephb6
Afdn,Nectin1
Afdn,Nectin2
Afdn,Nectin3
S100a8,Ager
Gdf2,Eng
Pdgfb,Pdgfrb
Bmp2,Bmpr1a
Nrxn2,Dag1
Il13,Il4r
F2,F2rl2
Col2a1,Itga10
Col2a1,Itgb1
Il7,Il2rg
Wnt1,Fzd8
Megf10,Abca1
Tnc,Itgav
Tnc,Itgb3
Col1a1,Ddr1
Pth,Pth1r
Ereg,Erbb4
Wnt5a,Lrp6
Wnt3a,Fzd8
Nrxn3,Dag1
Nrxn1,Nlgn4x
Nlgn4x,Nrxn1
Wnt11,Musk
Nlgn2,Nrxn3
Nrxn3,Nlgn2
Wnt7b,Lrp5
Vegfd,Kdr
Kdr,Vegfd
Fgf1,Fgfr4
Fgfr4,Fgf1
Nlgn2,Nrxn1
Nrxn1,Nlgn2
Bmp7,Acvr2a
Hmgb1,Ager
Cga,Tshr
Spp1,Itga9
Spp1,Itgb1
Clcf1,Cntfr
Plxnc1,Sema7a
Sema7a,Plxnc1
Tln1,Itgb5
Wnt1,Fzd3
Bmp7,Acvr1
Vegfa,Flt1
Il12a,Il12rb2
Flt1,Vegfa
Col4a6,Itga1
Col4a6,Itgb1
Gpha2,Tshr
Col21a1,Itga2
Col21a1,Itgb1
Fn1,Itga8
Omg,Lingo1
Calm1,Insr
F2,F2r
Col4a3,Itga2
Col4a3,Itgb1
Hmgb1,Tlr4
Fga,Itgax
Plg,F2r
Flt4,Vegfc
Vegfc,Flt4
Anxa1,Fpr1
Fpr1,Anxa1
Il34,Csf1r
Ntn3,Neo1
Agrn,Lrp4
Syk,Fcgr2a
Fgf2,Fgfr4
Fgfr4,Fgf2
Cntn6,Notch1
Agrp,Mc2r
Lingo1,Rtn4
Rtn4,Lingo1
Nrtn,Gfra1
Calm2,Insr
Tnfsf4,Tnfrsf4
Fgf13,Scn5a
Nlgn3,Nrxn1
Nrxn1,Nlgn3
Igf2,Insr
Mif,Cd74
Ifnw1,Ifnar1
Inhba,Acvr2a
Nxph1,Nrxn3
Nrxn3,Nlgn3
Nlgn3,Nrxn3
Gnas,Ptgir
Il4,Il13ra1
Col4a3,Itga1
Lif,Il6st
Pecam1,Cd38
Cd38,Pecam1
Rspo1,Znrf3
Nrxn1,Dag1
Nlgn1,Nrxn3
Nrxn3,Nlgn1
Col4a6,Itga2
Wnt5a,Fzd3
Hla-g,Kir2dl4
Gnas,Crhr1
Gnas,Glp1r
Cxcl11,Ackr3
Nlgn2,Nrxn2
Nrxn2,Nlgn2
Tnfsf15,Tnfrsf6b
Tnfrsf6b,Tnfsf15
Calm2,Egfr
Il33,Il1rl1
Nlgn4y,Nrxn1
Gstp1,Egfr
S100a8,Tlr4
Fgf5,Fgfr1
Col1a1,Itga11
Sele,Selplg
Selplg,Sele
Wnt7b,Fzd10
Gnai2,Adcy1
Adcy1,Gnai2
Plau,Plaur
Plaur,Plau
Nxph1,Nrxn1
Fgf6,Fgfr4
Calm1,Egfr
Nlgn1,Nrxn1
Nrxn1,Nlgn1
Calm3,Egfr
Cort,Ghsr
Wnt7a,Lrp6
Pcna,Ncr2
Ulbp2,Klrk1
Osm,Lifr
Vegfa,Kdr
Kdr,Vegfa
Gzmb,Igf2r
Mif,Cxcr4
Mfng,Notch1
Apob,Ldlr
Icam3,Itgad
Icam3,Itgb2
Il11,Il6st
Ccl25,Ccr9
Wnt3,Lrp6
Gdf6,Bmpr1a
Nlgn4x,Nrxn2
Nrxn2,Nlgn4x
Tnfsf13,Tnfrsf13b
Sema3a,Plxna1
Ereg,Egfr
Egfr,Ereg
Sema3a,Nrp1
Gast,Cckbr
Col1a1,Itga1
Tnfsf11,Tnfrsf11a
Hla-g,Lilrb1
Lilrb1,Hla-g
Col1a1,Ddr2
Ephb4,Efnb1
Efnb1,Ephb4
Reln,Vldlr
Gnas,Tshr
Gnas,Gcgr
Il1b,Il1rap
Il4,Il2rg
Cd226,Nectin2
Nectin2,Cd226
Slit2,Robo2
Artn,Gfra3
Gpi,Amfr
Pth2,Pth2r
Col1a1,Itga2
Asip,Mc4r
Tnfrsf6b,Faslg
Faslg,Tnfrsf6b
Nlgn1,Nrxn2
Nrxn2,Nlgn1
Sema3c,Nrp2
Csf1,Csf1r
S100a9,Tlr4
Adipoq,Adipor2
Kmt2e,Ncr2
Egfr,Epgn
Epgn,Egfr
Tnc,Itga8
Tnc,Itgb1
Tnfrsf11b,Tnfsf11
Tnfsf11,Tnfrsf11b
Serpinc1,Lrp1
Col4a4,Itga2
Col4a4,Itgb1
Col3a1,Adgrg1
Fam3c,Lifr
Ntn1,Dscam
Grn,Clec4m
Ntf4,Ntrk2
Mif,Cd44
Timp1,Fgfr2
Mstn,Acvr2b
Lta,Ltbr
Sema3f,Nrp2
Wnt7b,Tmed5
Vegfc,Nrp2
Fgf5,Fgfr2
Cntf,Il6st
Nlgn4x,Nrxn3
Nrxn3,Nlgn4x
Adam23,Itga4
Sema5a,Plxnb3
Gnas,Adcy9
Efna2,Epha4
Epha4,Efna2
Angptl2,Itgb1
Inhbb,Cfc1
Inhbb,Cfc1b
Ncam1,Ptprz1
Gnas,Htr6
Bmp10,Eng
Fgf2,Fgfr3
Fgfr3,Fgf2
Ptprz1,Ncam1
Adam10,Cd44
Fgf13,Scn8a
Edn1,Ednrb
Ccn2,Lrp6
Ntf4,Ntrk1
Tff3,Cxcr4
Col4a5,Itga1
Col4a5,Itgb1
Lrfn5,Ptprf
Thbs1,Ptprj
Cripto,Acvr2a
Slit2,Gpc1
Ybx1,Notch1
Adam12,Sdc4
Sdc4,Adam12
Zp3,Chrna7
Asip,Mc2r
Gdnf,Gfra1
Gdnf,Gfra2
Nlgn4y,Nrxn3
Nrxn3,Nlgn4y
Col4a2,Itga1
Col4a2,Itgb1
Wnt11,Fzd7
Tnc,Itga9
Lrfn5,Ptprs
Lrfn5,Ptprd
Fstl1,Dip2a
Asip,Mc1r
Pth,Pth2r
Ereg,Erbb3
Notch1,Dlk2
Dlk2,Notch1
Osm,Il6st
Fn1,Itga5
Nlgn4y,Nrxn2
Wnt3a,Lrp5
Pvr,Cd226
Cd226,Pvr
St6gal1,Cd22
Gnas,Adrb3
Wnt1,Fzd1
Itgad,Vcam1
Itgb2,Vcam1
Vcam1,Itgad
Vcam1,Itgb2
Wnt5a,Ryk
Plxnb1,Sema4d
Sema4d,Plxnb1
Cd55,Adgre5
Adgre5,Cd55
Tnf,Tnfrsf21
Col4a1,Itga1
Col4a1,Itgb1
Sema7a,Itga1
Sema7a,Itgb1
Apoe,Sorl1
Gdf2,Acvrl1
Ntng1,Lrrc4c
Cd274,Pdcd1
Il12b,Il12rb1
Sema3a,Plxna4
S100a9,Ager
Tfpi,Vldlr
Cdh1,Itgae
Cdh1,Itgb7
C1qb,C1qbp
Dlk1,Notch1
Neo1,Rgma
Rgma,Neo1
Abca1,Apoa1
Apoa1,Abca1
Tln1,Itgb3
Wnt3a,Fzd3
Asip,Mc5r
Gdf5,Bmpr1b
Edn3,Kel
Kdr,Vegfc
Vegfc,Kdr
Tnfsf13b,Tnfrsf13c
Pspn,Gfra4
Ifnw1,Ifnar2
Rspo3,Sdc4
Apob,Mttp
Nlgn3,Nrxn2
Nrxn2,Nlgn3
Fgf4,Fgfr4
Wnt8a,Lrp5
Ntng2,Lrrc4
Col2a1,Itga2
Cort,Mrgprx2
Bmp10,Bmpr1a
Tnfsf14,Tnfrsf14
Mif,Cxcr2
Nodal,Acvr1c
Ntn4,Unc5a
Ntn1,Unc5c
Notch1,Adam17
Adam17,Notch1
Gnas,Ptgdr
Col1a2,Itga11
Col1a2,Itgb1
Fgf1,Fgfr3
Fgfr3,Fgf1
Icam1,Itgal
Itgal,Icam1
Icam1,Itgam
Angpt1,Tie1
F2,F2rl1
Col4a4,Itga1
Epha4,Efnb3
Efnb3,Epha4
Cck,Cckar
Clcf1,Il6st
Sema3b,Nrp2
Sema3a,Plxna2
Wnt7b,Fzd1
Calm3,Insr
Adam17,Muc1
Pomc,Mc2r
Nodal,Acvr1b
Npy,Npy1r
Cntf,Lifr
Il18,Il18r1
Nodal,Cripto
Itga4,Vcam1
Itgb1,Vcam1
Vcam1,Itga4
Vcam1,Itgb1
Col4a1,Itga2
Asip,Mc3r
Wnt9b,Lrp6
Sema3b,Nrp1
Thbs2,Cd47
Grn,Tnfrsf1a
Apoe,Vldlr
Tshb,Tshr
Wnt3a,Fzd2
Col1a2,Itga1
Tnfsf13b,Tnfrsf13b
Epha2,Efna5
Efna5,Epha2
Spp1,Itgav
Spp1,Itgb3
Inha,Tgfbr3
Serpina1,Lrp1
Lrrc4b,Ptprf
Adam10,Notch1
Vegfd,Flt4
Flt4,Vegfd
Guca2b,Gucy2c
Ren,Atp6ap2
Adipoq,Adipor1
Ntn1,Dcc
Trh,Trhr
F2,F2rl3
Pvr,Tigit
Tigit,Pvr
Galp,Galr2
Pyy,Npy5r
Asip,Atrn
Il17b,Il17rb
Tnfsf15,Tnfrsf25
Tnfsf13,Tnfrsf17
Slit1,Gpc1
Nrtn,Ret
Gnas,Avpr2
Il17a,Il17ra
Ccl2,Ccr4
Ntn1,Neo1
Hspg2,Ptprs
Il21,Il2rg
Wnt2,Lrp6
Liph,Lpar2
Col4a2,Itga2
Epha2,Efna3
Efna3,Epha2
Bmp4,Bmpr1a
Guca2a,Gucy2c
Bmp10,Acvrl1
Icam1,Itgax
Slit2,Robo4
Cripto,Acvr1b
Tg,Tpo
Itgb2,Icam1
Efna3,Epha4
Epha4,Efna3
Hla-g,Klrc1
Anxa1,Egfr
Sorbs1,Insr
Calr,Lrp1
Hras,Insr
Fyn,Thy1
Adam12,Itgb1
Sirpa,Cd47
Cd47,Sirpa
Itgb3bp,Itgb5
Hras,Cav1
Itgb3bp,Itgb3
Calr,Itgav
Calr,Itga3
Arf1,Insr
Itgav,Thy1
Itgav,Adgrb1
Itgb5,Adgrb1
Itgav,Adgra2
Itgb3,Adgra2
Itgav,Adgre5
Itgb3,Adgre5
Inhba,Acvr1b
Inhbb,Acvr1b
Inhbb,Acvr2b
Inhba,Acvr1c
Inhbb,Acvr1c
Inhbb,Acvr2a
Ebi3,Il27ra
Ebi3,Il6st
Il27,Il6st
Il12b,Il23r
Il12b,Il12rb2
Wnt5a,Lrp5
Ebi3,Il12rb2
Il12a,Il6st
Fga,Itga2b
Fga,Itgb3
Fgb,Itga2b
Fgb,Itgb3
Fgg,Itga2b
Fgg,Itgb3
Fga,Itgam
Fga,Itgb2
Fgb,Itgam
Fgb,Itgb2
Fgg,Itgam
Fgg,Itgb2
Tgfb3,Tgfbr1
Il37,Il18r1
Il37,Sigirr
Sema3a,Plxna3
Sema6a,Nrp1
Sema6a,Plxna2
Wnt10a,Fzd1
Wnt10a,Lrp6
Wnt7a,Fzd1
Wnt7b,Lrp6
Wnt9a,Fzd1
Wnt9a,Lrp6
Wnt5b,Fzd1
Wnt5b,Lrp6
Wnt7a,Lrp5
Wnt7a,Fzd10
Wnt3,Fzd10
Wnt3a,Fzd10
Wnt9a,Fzd10
Wnt9b,Fzd10
Wnt1,Fzd2
Wnt3,Fzd2
Wnt7b,Fzd2
Wnt5b,Fzd2
Wnt2,Fzd3
Wnt9a,Lrp5
Wnt1,Fzd4
Wnt3,Fzd4
Wnt3a,Fzd4
Wnt9a,Fzd4
Wnt9b,Fzd4
Wnt5b,Fzd4
Wnt2,Fzd4
Wnt2b,Fzd4
Wnt2b,Lrp6
Wnt7b,Fzd4
Wnt1,Fzd5
Wnt10a,Fzd5
Wnt3,Fzd5
Wnt7b,Fzd5
Wnt8a,Fzd5
Wnt8a,Lrp6
Wnt8b,Fzd5
Wnt8b,Lrp6
Wnt9a,Fzd5
Wnt9b,Fzd5
Wnt5b,Fzd5
Wnt3a,Fzd5
Wnt5b,Lrp5
Wnt5b,Fzd6
Wnt4,Lrp6
Wnt1,Fzd7
Wnt7a,Fzd7
Wnt7b,Fzd7
Wnt5b,Fzd7
Wnt3,Fzd7
Wnt3a,Fzd7
Wnt5b,Fzd8
Wnt8b,Fzd8
Wnt10a,Fzd8
Wnt3,Fzd8
Wnt7a,Fzd8
Wnt7b,Fzd8
Wnt3,Lrp5
Wnt9a,Fzd8
Wnt9b,Fzd8
Wnt7a,Fzd9
Rspo1,Kremen1
Rspo1,Lrp6
Wnt10a,Lrp5
Wnt2,Lrp5
Wnt9b,Lrp5
Wnt2b,Lrp5
Wnt8b,Lrp5
Wnt4,Lrp5
Mmrn2,Cd93
Hla-e,Klrc2
Hla-e,Klrd1
Hla-e,Klrc1
Pgf,Flt1
Pgf,Kdr
Vegfb,Kdr
Col11a2,Itga2
Col11a2,Itgb1
Sema6d,Kdr
Sema6d,Plxna1
L1cam,Itga2b
L1cam,Itgb3
Cd40lg,Itga2b
Cd40lg,Itgb3
Fn1,Itga2b
Fn1,Itgb3
Col12a1,Itga2
Col12a1,Itgb1
L1cam,Itgav
Fgf1,Itgav
Fgf1,Itgb3
Mmp2,Itgav
Mmp2,Itgb3
Fgf2,Itgav
Fgf2,Itgb3
Thy1,Itgav
Thy1,Itgb3
Fcer2,Itgav
Fcer2,Itgb3
Plaur,Itgav
Plaur,Itgb3
Vtn,Itgav
Vtn,Itgb3
Fn1,Itgav
Thy1,Itgam
Thy1,Itgb2
Fbn1,Itga5
Fbn1,Itgb1
Thy1,Itgax
Itgax,Icam1
Icam1,Itgb2
Cspg4,Itga3
Cspg4,Itgb1
L1cam,Itgb1
Fcer2,Itgax
Fcer2,Itgb2
Jam2,Itga4
Jam2,Itgb1
Fcer2,Itgam
Jam3,Itgam
Jam3,Itgb2
Gp1ba,Itgam
Gp1ba,Itgb2
C3,Itgam
C3,Itgb2
Icam2,Itgal
Icam2,Itgb2
Icam3,Itgal
Itgal,F11r
Itgb2,F11r
F11r,Itgal
F11r,Itgb2
Icam4,Itgal
Icam4,Itgb2
Itga9,Vcam1
Vcam1,Itga9
L1cam,Itga9
Fn1,Itga4
L1cam,Itga5
Cd40lg,Itga5
Cd40lg,Itgb1
Spp1,Itga4
Plaur,Itga4
Plaur,Itgb1
Madcam1,Itga4
Madcam1,Itgb7
Itgb7,Vcam1
Vcam1,Itgb7
Fn1,Itgb7
Fn1,Itga3
Cdh1,Itga2
Cdh1,Itgb1
Col10a1,Itga2
Col10a1,Itgb1
Col11a1,Itga2
Col11a1,Itgb1
Col13a1,Itga2
Col13a1,Itgb1
Col14a1,Itga2
Col14a1,Itgb1
Col15a1,Itga2
Col15a1,Itgb1
Col16a1,Itga2
Col16a1,Itgb1
Col17a1,Itga2
Col17a1,Itgb1
Col18a1,Itga2
Col18a1,Itgb1
Col19a1,Itga2
Col19a1,Itgb1
Col1a2,Itga2
Col20a1,Itga2
Col20a1,Itgb1
Col22a1,Itga2
Col22a1,Itgb1
Col24a1,Itga2
Col24a1,Itgb1
Col26a1,Itga2
Col26a1,Itgb1
Col27a1,Itga2
Col27a1,Itgb1
Col28a1,Itga2
Col28a1,Itgb1
Col3a1,Itga2
Col3a1,Itgb1
Col4a5,Itga2
Col5a1,Itga2
Col5a1,Itgb1
Col5a2,Itga2
Col5a2,Itgb1
Col5a3,Itga2
Col5a3,Itgb1
Col6a1,Itga2
Col6a1,Itgb1
Col6a2,Itga2
Col6a2,Itgb1
Col6a3,Itga2
Col6a3,Itgb1
Col6a5,Itga2
Col6a5,Itgb1
Col6a6,Itga2
Col6a6,Itgb1
Col7a1,Itga2
Col7a1,Itgb1
Col8a1,Itga2
Col8a1,Itgb1
Col8a2,Itga2
Col8a2,Itgb1
Col9a1,Itga2
Col9a1,Itgb1
Col9a2,Itga2
Col9a2,Itgb1
Col9a3,Itga2
Col9a3,Itgb1
Col10a1,Itga11
Col11a1,Itga11
Col11a2,Itga11
Col12a1,Itga11
Col13a1,Itga11
Col14a1,Itga11
Col15a1,Itga11
Col16a1,Itga11
Col17a1,Itga11
Col18a1,Itga11
Col19a1,Itga11
Col20a1,Itga11
Col21a1,Itga11
Col22a1,Itga11
Col24a1,Itga11
Col26a1,Itga11
Col27a1,Itga11
Col28a1,Itga11
Col2a1,Itga11
Col3a1,Itga11
Col4a1,Itga11
Col4a2,Itga11
Col4a3,Itga11
Col4a4,Itga11
Col4a5,Itga11
Col4a6,Itga11
Col5a1,Itga11
Col5a2,Itga11
Col5a3,Itga11
Col6a1,Itga11
Col6a2,Itga11
Col6a3,Itga11
Col6a5,Itga11
Col6a6,Itga11
Col7a1,Itga11
Col8a1,Itga11
Col8a2,Itga11
Col9a1,Itga11
Col9a2,Itga11
Col9a3,Itga11
Col10a1,Itga10
Col11a1,Itga10
Col11a2,Itga10
Col12a1,Itga10
Col13a1,Itga10
Col14a1,Itga10
Col15a1,Itga10
Col16a1,Itga10
Col17a1,Itga10
Col18a1,Itga10
Col19a1,Itga10
Col1a1,Itga10
Col1a2,Itga10
Col20a1,Itga10
Col21a1,Itga10
Col22a1,Itga10
Col24a1,Itga10
Col26a1,Itga10
Col27a1,Itga10
Col28a1,Itga10
Col3a1,Itga10
Col4a1,Itga10
Col4a2,Itga10
Col4a3,Itga10
Col4a4,Itga10
Col4a5,Itga10
Col4a6,Itga10
Col5a1,Itga10
Col5a2,Itga10
Col5a3,Itga10
Col6a1,Itga10
Col6a2,Itga10
Col6a3,Itga10
Col6a5,Itga10
Col6a6,Itga10
Col7a1,Itga10
Col8a1,Itga10
Col8a2,Itga10
Col9a1,Itga10
Col9a2,Itga10
Col9a3,Itga10
Col10a1,Itga1
Col11a1,Itga1
Col11a2,Itga1
Col12a1,Itga1
Col13a1,Itga1
Col14a1,Itga1
Col15a1,Itga1
Col16a1,Itga1
Col17a1,Itga1
Col18a1,Itga1
Col19a1,Itga1
Col20a1,Itga1
Col21a1,Itga1
Col22a1,Itga1
Col24a1,Itga1
Col26a1,Itga1
Col27a1,Itga1
Col28a1,Itga1
Col2a1,Itga1
Col3a1,Itga1
Col5a1,Itga1
Col5a2,Itga1
Mmrn2,Clec14a
Col5a3,Itga1
Col6a1,Itga1
Col6a2,Itga1
Col6a3,Itga1
Col6a5,Itga1
Col6a6,Itga1
Col7a1,Itga1
Col8a1,Itga1
Col8a2,Itga1
Col9a1,Itga1
Cd248,Il6r
Col9a2,Itga1
Col9a3,Itga1
Il5,Csf2rb
Cadm4,Cadm3
Il33,Il1rap
Il36a,Il1rap
Il36a,Il1rl2
Il36b,Il1rap
Il36b,Il1rl2
Il36g,Il1rap
Il36g,Il1rl2
Il17c,Il17ra
Il17c,Il17re
Il17f,Il17ra
Il17f,Il17rc
Ulbp3,Hcst
Ulbp3,Klrk1
Raet1e,Hcst
Raet1e,Klrk1
Ifne,Ifnar1
Ifne,Ifnar2
Mica,Hcst
Mica,Klrk1
Micb,Hcst
Micb,Klrk1
Ulbp1,Hcst
Ulbp1,Klrk1
Ulbp2,Hcst
Pspn,Ret
Artn,Ret
Nrtn,Gfra2
Artn,Gfra1
Cd320,Jaml
Bmp8a,Acvr1
Bmp8a,Acvr2b
Bmp5,Acvr1
Bmp5,Bmpr2
Bmp6,Acvr1
Bmp8a,Bmpr2
Bmp10,Bmpr2
Gdf2,Bmpr2
Bmp5,Bmpr1a
Bmp6,Bmpr1a
Bmp7,Bmpr1a
Bmp8a,Bmpr1a
C1qa,Cd33
Gdf5,Bmpr1a
Gdf7,Bmpr1a
Gdf7,Bmpr2
Bmp15,Bmpr1b
Bmp2,Bmpr1b
Bmp4,Bmpr1b
Bmp5,Bmpr1b
Bmp6,Bmpr1b
Bmp7,Bmpr1b
Bmp8a,Bmpr1b
Gdf6,Bmpr1b
Gdf7,Bmpr1b
Gdf9,Bmpr2
Gdf9,Tgfbr1
Amh,Bmpr1a
Bmp5,Acvr2b
Bmp6,Acvr2b
Saa1,Cd36
Mstn,Acvr1b
Gdf1,Acvr1b
Gdf1,Acvr2b
Gdf11,Acvr1b
Gdf3,Acvr1b
Gdf3,Acvr2b
Gdf10,Acvr1b
Gdf10,Acvr2b
Bmp4,Acvr2b
Gdf7,Acvr2b
Gdf6,Acvr2b
Mstn,Tgfbr1
Gdf11,Tgfbr1
Bmp5,Acvr2a
Bmp6,Acvr2a
Bmp8a,Acvr2a
Gdf11,Acvr2a
Bmp10,Acvr2a
Gdf2,Acvr2a
Bmp2,Acvr2a
Bmp4,Acvr2a
Gdf5,Acvr2a
Gdf6,Acvr2a
Gdf7,Acvr2a
Amh,Acvr1
Pltp,Abca1
Ccl11,Ackr1
Ccl13,Ackr1
Ccl14,Ackr1
Ccl17,Ackr1
Ccl2,Ackr1
Tax1bp3,Adgrb2
Ccl5,Ackr1
Cxcl8,Ackr1
Ppbp,Ackr1
Cxcl1,Ackr1
Ccl11,Ackr2
Ccl13,Ackr2
Ccl14,Ackr2
Ccl17,Ackr2
Ccl2,Ackr2
C1ql1,Adgrb3
Ccl22,Ackr2
Ccl23,Ackr2
Ccl24,Ackr2
Ccl3,Ackr2
Ccl3l1,Ackr2
C1ql2,Adgrb3
Ccl4,Ackr2
Ccl5,Ackr2
Ccl7,Ackr2
C1ql3,Adgrb3
Ccl8,Ackr2
Cxcl13,Ackr4
Sdc1,Adgra2
Sdc2,Adgra2
Adgrb1,Rtn4r
Rtn4r,Adgrb1
Adgrb1,Rtn4rl1
Adgrb1,Rtn4rl2
C1ql4,Adgrb3
Adgre5,Lpar1
Thy1,Adgre5
Tgm2,Adgrg1
Col4a1,Adgrg6
Col4a2,Adgrg6
Col4a3,Adgrg6
Col4a4,Adgrg6
Col4a5,Adgrg6
Col4a6,Adgrg6
Lama2,Adgrg6
Prnp,Adgrg6
Shank1,Adgrl1
Flrt1,Adgrl1
Flrt2,Adgrl1
Tenm1,Adgrl1
Tenm3,Adgrl1
Tenm4,Adgrl1
Tenm2,Adgrl1
Nrxn1,Adgrl1
Nrxn2,Adgrl1
Nrxn3,Adgrl1
Flrt3,Adgrl2
Tenm1,Adgrl2
Tenm2,Adgrl2
Tenm3,Adgrl2
Tenm4,Adgrl2
Flrt1,Adgrl3
Tenm1,Adgrl3
Tenm2,Adgrl3
Tenm3,Adgrl3
Tenm4,Adgrl3
Flrt2,Adgrl3
Flrt3,Adgrl3
Timp3,Agtr2
L1cam,Alcam
Alcam,L1cam
Cadm3,Cadm4
Cd6,Alcam
Alcam,Cd6
Alkal1,Alk
Alkal2,Alk
Sertad1,Ar
Lama5,Bcam
Nmb,Brs3
Grp,Brs3
C3,C5ar2
Cadm3,Cadm1
Cadm1,Cadm3
Ccl16,Ccr1
Ccl3l1,Ccr1
Ccl8,Ccr1
Ccl26,Ccr1
Ccl28,Ccr10
Defb103a,Ccr2
Ccl16,Ccr2
Defb106a,Ccr2
Ccl14,Ccr3
Ccl28,Ccr3
Ccl3l1,Ccr3
Cxcl10,Ccr3
Cxcl9,Ccr3
Cxcl11,Ccr3
Ccl18,Ccr3
Ccl8,Ccr3
Ccl5,Ccr4
Ccl16,Ccr5
Defb103a,Ccr6
Defb1,Ccr6
Ccl16,Ccr8
Ccl18,Ccr8
Rarres2,Ccrl2
Cd177,Pecam1
Ceacam5,Cd1d
Cd1d,Ceacam5
Cd59,Cd2
Cd58,Cd2
Cd2,Cd48
Cd48,Cd2
Cd200,Cd200r1
Cd200r1,Cd200
Ceacam1,Cd209
Cd209,Ceacam1
Il16,Cd4
Ptprc,Cd22
Cd22,Ptprc
Cd48,Cd244
Cd244,Cd48
Mmrn2,Cd248
Icoslg,Cd28
C4bpa,Cd40
Vcan,Cd44
Spp1,Cd44
Siglec15,Cd44
Cd46,Jag1
C1qa,Cd93
Jag1,Cd46
Lgals1,Cd69
Cd72,Sema4d
Sema4d,Cd72
App,Cd74
Cd80,Cd274
Cd274,Cd80
Cd8a,Ceacam5
Ceacam5,Cd8a
Pvr,Cd96
Cd96,Pvr
Cd96,Nectin1
Nectin1,Cd96
Nectin2,Cd96
Fcer2,Cdh2
Ceacam5,Ceacam1
Ceacam1,Ceacam5
Ceacam1,Ceacam6
Ceacam6,Ceacam1
Hspg2,Col13a1
Ceacam1,Ceacam8
Ceacam8,Ceacam1
Ceacam8,Ceacam6
Ceacam6,Ceacam8
C3,Cr1
C3,Cr2
Fcer2,Cr2
Crtam,Cadm1
Cadm1,Crtam
C1qa,Cspg4
Fgf1,Cspg4
Icoslg,Ctla4
Cxadr,Jaml
Apob,Eno1
Jaml,Cxadr
Cxcl1,Cxcr1
Ppbp,Cxcr1
Pf4v1,Cxcr3
Pf4,Cxcr3
Cxcl13,Cxcr3
Cxcl14,Cxcr4
Dcbld2,Sema4b
Sema4b,Dcbld2
Col5a2,Ddr1
Col2a1,Ddr1
Col3a1,Ddr1
Col3a1,Ddr2
Dsc1,Dsg1
Dsc2,Dsg1
Dsg1,Dsc3
Dsc3,Dsg1
Dsc1,Dsg2
Dsg2,Dsc1
Dsc2,Dsg2
Dsg2,Dsc3
Dsc3,Dsg2
Dsc1,Dsg3
Dsc2,Dsg3
Dsc3,Dsg3
Dsc1,Dsg4
Dsc2,Dsg4
Dsc3,Dsg4
Edn3,Ednra
Edn2,Ednrb
Dcn,Egfr
Efemp1,Egfr
Mif,Egfr
Ang,Egfr
Spink1,Egfr
Efna2,Epha1
Epha1,Efna3
Efna3,Epha1
Efna4,Epha1
Efna5,Epha1
Efnb1,Epha2
Efna2,Epha3
Epha3,Efna2
Epha4,Efnb1
Efnb1,Epha4
Efnb2,Epha4
Epha4,Efnb2
Efnb3,Ephb1
Ephb2,Efna5
Efna5,Ephb2
Ephb2,Efnb3
Efnb3,Ephb2
Epo,Ephb4
Ephb4,Efnb3
Efnb3,Ephb4
Efnb1,Ephb6
Ephb6,Efnb2
Efnb2,Ephb6
Ephb6,Efnb3
Sftpd,Lair1
Efnb3,Ephb6
Hbegf,Erbb2
Erbb2,Efnb1
Efnb1,Erbb2
Egf,Erbb3
Erbb3,Egf
L1cam,Erbb3
Btc,Erbb3
Tgfa,Erbb4
Dcn,Erbb4
Ncam1,Fgfr1
Fgf10,Fgfr1
Fgf16,Fgfr1
Fgf17,Fgfr1
Fgf18,Fgfr1
Fgf19,Fgfr1
Hmgb1,Havcr2
Fgf2,Fgfr1
Fgf20,Fgfr1
Fgf21,Fgfr1
Fgf23,Fgfr1
Fgf3,Fgfr1
Fgf4,Fgfr1
Fgf6,Fgfr1
Fgf8,Fgfr1
Fgf9,Fgfr1
Fgf16,Fgfr2
Fgf19,Fgfr2
Fgf20,Fgfr2
Fgf9,Fgfr2
Fcer2,Fgfr2
Bgn,Fgfr3
Fgf16,Fgfr3
Ceacam1,Havcr2
Fgf17,Fgfr3
Fgfr3,Fgf17
Fgf18,Fgfr3
Fgf19,Fgfr3
Fgfr3,Fgf8
Fgf20,Fgfr3
Fgf21,Fgfr3
Fgf23,Fgfr3
Fgf18,Fgfr4
Fgf4,Fgfr3
Fgf5,Fgfr3
Fgf6,Fgfr3
Fgf8,Fgfr3
Fgf16,Fgfr4
Fgf17,Fgfr4
Fgf20,Fgfr4
Fgf23,Fgfr4
Fgf5,Fgfr4
Fgf4,Fgfrl1
Fgf8,Fgfr4
Fgf9,Fgfr4
Sdc2,Fgfr4
Tgfbr3,Fgfr4
Fgf22,Fgfrl1
Fgf8,Fgfrl1
Fgf3,Fgfrl1
Flt1,Pgf
Ccl23,Fpr2
App,Fpr2
Gh2,Ghr
Icam3,Clec4m
Clec4m,Icam3
Icam3,Cd209
Cd209,Icam3
Cd93,Ifngr1
Il25,Il17rb
Il36rn,Il1rl2
Il1f10,Il1rl2
Il32,Itgb3
Jam2,F11r
F11r,Jam2
Jam2,Jam3
Jam3,Jam2
Timp3,Kdr
Grem1,Kdr
Hla-c,Kir2dl1
Hla-c,Kir2dl3
Pvr,Kir2dl5a
Hla-c,Kir2ds4
Hla-f,Kir3dl1
Hla-b,Kir3dl1
App,Plxna4
Hla-a,Kir3dl1
Hla-b,Kir3dl2
Hla-f,Kir3dl2
Hla-a,Kir3dl2
Hla-f,Kir3ds1
Kir3ds1,Hla-f
Klrb1,Clec2d
Clec2d,Klrb1
Clec2b,Klrf1
Klrf1,Clec2b
Klrf2,Clec2a
Clec2a,Klrf2
Cdh1,Klrg1
Chl1,L1cam
L1cam,Chl1
Clec4g,Lag3
Lgals3,Lag3
Fgl1,Lag3
Lrpap1,Ldlr
Apoe,Ldlr
Bst2,Lilra4
Hla-g,Lilrb2
Hla-f,Lilrb1
Lilrb1,Hla-f
Hla-a,Lilrb1
Hla-b,Lilrb1
Hla-c,Lilrb1
Cd1d,Lilrb2
Sema4a,Lilrb2
Hla-f,Lilrb2
Lilrb2,Hla-f
Hla-c,Lilrb2
Lair1,Lilrb4
Lilrb4,Lair1
Lcn1,Lmbr1l
Serpine1,Lrp1
Mdk,Lrp1
Apob,Lrp2
Sost,Lrp4
Sost,Lrp5
Sost,Lrp6
Lrpap1,Lrp8
Reln,Lrp8
Lrp8,Reln
Apob,Lsr
Apoe,Lsr
Alkal1,Ltk
Alkal2,Ltk
Mcam,Cntn1
Cntn1,Mcam
Pros1,Mertk
Dcn,Met
Muc1,Siglec9
Ncr3lg1,Ncr3
Notch4,Jag1
Bag6,Ncr3
Nectin1,Cadm3
Cadm3,Nectin1
Cadm3,Nectin3
Nectin3,Cadm3
Cadm1,Nectin3
Nectin3,Cadm1
Cd80,Ngfr
Grp,Nmbr
Dlk1,Notch2
Notch2,Dll4
Dll4,Notch2
Dll3,Notch3
Dlk1,Notch3
Dll4,Notch3
Notch3,Dll4
Dll1,Notch4
Dll3,Notch4
Jag1,Notch4
Jag2,Notch4
Dlk1,Notch4
Cntn1,Nrcam
Pgf,Nrp1
Vegfb,Nrp1
Vegfa,Nrp1
C3,Nrp1
C4a,Nrp1
Hgf,Nrp1
Fgf1,Nrp1
Fgf2,Nrp1
Fgf4,Nrp1
Aplp2,Plxna4
Fgf7,Nrp1
Sema4a,Nrp1
Vegfa,Nrp2
Pgf,Nrp2
Slitrk4,Olr1
Pdcd1lg2,Pdcd1
Pdpn,Clec1b
Aplp2,Pigr
Cd99,Pilra
Ccl18,Pitpnm3
Meltf,Plg
Plg,Plgrkt
Slpi,Plscr1
Slpi,Plscr4
Serpinf1,Plxdc1
Serpinf1,Plxdc2
Sema6a,Plxna4
Plxna4,Sema6a
Sema4a,Plxnb1
Ang,Plxnb2
Sema4d,Plxnb2
Sema4a,Plxnb2
Plxnb2,Sema4c
Sema4c,Plxnb2
Sema4a,Plxnb3
Sema4d,Plxnb3
Sema4a,Plxnd1
Plxnd1,Sema4a
Sema3e,Plxnd1
Ptprc,Sema4d
Lgals1,Ptprc
Ptprc,Mrc1
Mrc1,Ptprc
Il1rap,Ptprd
Lrfn4,Ptprd
Lrfn4,Ptprf
Il1rap,Ptprf
Il1rapl1,Ptprs
Cd34,Sele
Lrfn4,Ptprs
Cntn1,Ptprz1
Anpep,Sele
Tnc,Ptprz1
Il34,Ptprz1
Ptn,Ptprz1
Ptprz1,Ptn
Pvr,Nectin3
Nectin3,Pvr
Sell,Selplg
Nectin2,Pvrig
Slit1,Robo1
Slit1,Robo2
Anxa2,Robo4
Wnt1,Ror2
Wnt3,Ror2
Apoe,Scarb1
Adcyap1,Sctr
Hgf,Sdc1
Ccl5,Sdc1
Glg1,Sele
Fgf2,Sdc1
Cxcl8,Sdc2
Fgf2,Sdc2
Tnfsf13,Sdc2
Serping1,Sele
Mdk,Sdc4
Tfpi,Sdc4
Tnc,Sdc4
Ccl5,Sdc4
Ccn1,Sdc4
Podxl2,Sele
Fgf2,Sdc4
Thbs1,Sdc4
Ceacam1,Sele
Sele,Ceacam1
Sele,Glg1
Bsg,Sele
Cd44,Sele
Sele,Cd44
Muc7,Sell
Podxl,Sell
Sell,Podxl
Cfh,Sell
Selplg,Sell
Sell,Cd34
Cd34,Sell
Podxl2,Sell
Vcan,Sell
Cd24,Selp
Podxl2,Selp
Selp,Cd34
Cd34,Selp
Serping1,Selp
Vcan,Selp
Cd52,Siglec10
Cd24,Siglec10
Selplg,Siglec5
Sftpd,Sirpa
Cd47,Sirpg
Sirpg,Cd47
Ngf,Sorcs3
Lrpap1,Sorl1
Lrpap1,Sort1
Bgn,Tlr2
Grn,Sort1
Icam1,Spn
Spn,Icam1
Spn,Siglec1
Siglec1,Spn
Prg4,Tlr2
Nectin3,Tigit
Tigit,Nectin2
Nectin2,Tigit
Sftpa1,Tlr2
Rnase2,Tlr2
Zg16b,Tlr2
Dcn,Tlr2
Vcan,Tlr2
Anxa2,Tlr2
Defb4b,Tlr4
Zg16b,Tlr4
Dcn,Tlr4
Igsf11,Vsir
Bgn,Tlr4
Prg4,Tlr4
Zg16b,Tlr5
Zg16b,Tlr6
Rnaset2,Tlr8
Hhla2,Tmigd2
Tnfrsf11b,Tnfsf10
Tnfsf10,Tnfrsf11b
Vwf,Tnfrsf11b
Tnfsf12,Tnfrsf12a
Btla,Tnfrsf14
Tnfrsf14,Btla
Cd160,Tnfrsf14
Tnfrsf14,Cd160
Lta,Tnfrsf14
Tnfsf13b,Tnfrsf17
Tnfsf18,Tnfrsf18
Hebp1,Grm7
Tnfrsf18,Tnfsf18
Lta,Tnfrsf1b
Grn,Tnfrsf1b
App,Tnfrsf21
Pi16,Tnfrsf21
Tnfsf14,Tnfrsf6b
Hebp1,Mtnr1a
Tnfrsf8,Tnfsf8
Tnfsf8,Tnfrsf8
Tgfb1,Vasn
Jag1,Vasn
Jag2,Vasn
Lrpap1,Vldlr
Hla-e,Vsir
Hla-f,Vsir
Grn,Egfr
Btla,Vtcn1
Wnt1,Wif1
Wif1,Wnt1
Sema3f,Plxna3
Sema3f,Plxna1
Sema3f,Nrp1
Hebp1,Adra2a
St6gal1,Egfr
Sct,Vipr1
Ntn1,Unc5d
Ntn1,Unc5b
Ntn1,Unc5a
Ntn1,Adora2b
Sct,Pth1r
Sct,Adcyap1r1
Sct,Ramp2
Sct,Ramp3
Sct,Gpr20
Sct,Adrb2
Sct,Vipr2
Sct,Adrb3
Sct,Tshr
Sct,Gpr84
Ceacam6,Egfr
Efnb1,Epha6
Vcl,Itgb5
Vcl,Alk
Efna2,Epha10
Fgf22,Fgfr1
Madcam1,Cd44
Tcn2,Lrp2
Tcn2,Cnr1
Lgals1,Itgb1
Nid2,Col13a1
Gzmb,Chrm3
F9,Lrp1
Pcsk1n,Gpr171
Timp1,Cd63
Mmp2,Pecam1
Mmp2,Ccr2
Mmp2,Sdc2
Mmp2,Fgfr1
Ccl22,Dpp4
Lhb,Adrb2
Ccl17,Ccr8
Tg,Asgr1
Tg,Lrp2
Plat,Itgam
Plat,Lrp1
Plat,Itgb2
Dkk4,Lrp6
Dkk4,Lrp5
Lhb,Pth1r
Lhb,Adcyap1r1
Lhb,Ramp2
Lhb,Vipr1
Lhb,Ramp3
Lhb,Gpr20
Mmp9,Reck
Lhb,Adrb3
Lhb,Tshr
Lhb,Gpr84
Amh,Egfr
Retn,Gpr25
Tgfb1,Eng
Tgfb1,Egfr
Tgfb1,Smad3
Tgfb1,Itgb3
Tgfb1,Itgb5
Hgf,Itgb1
Tgfb1,Itgav
Tgfb1,Itgb1
Tgfb1,Cav1
Tgfb1,Sdc2
Tgfb1,Cxcr4
Icam5,Itgal
Icam5,Itgb2
Comp,Itgb1
Comp,Itgb3
Comp,Cd36
Hgf,Cd44
Hgf,Sdc2
Lamb1,Itga7
Lamb1,Itgav
Lamb1,Itgb1
Lamb1,Itga6
Lamb1,Itga1
Lamb1,Itga2
Wnt16,Fzd6
Nampt,Adora2a
Npvf,Npffr2
Serpine1,Lrp2
Serpine1,Plaur
Serpine1,Itgav
Serpine1,Itgb5
C5,Adra2a
C5,Mtnr1a
C5,Grm7
Wnt3,Ryk
Cxcl6,Adra2a
Ccl2,Ccr1
Ccl2,Ccr10
Ccl2,Ackr4
Ccl13,Ccr1
Ccl13,Ackr4
Ccl13,Ccr9
Col1a1,Itga5
Col1a1,Cd93
Col1a1,Flt4
Col1a1,Cd36
Col1a1,Cd44
Col1a1,Itgav
Efnb3,Rhbdl2
Vtn,Itga5
Vtn,Itga8
Vtn,Cd47
Vtn,Kdr
Vtn,Plaur
Vtn,Itga2b
Vtn,Itgb6
Vtn,Tnfrsf11b
Vtn,Pvr
Vtn,Itgb5
Ibsp,Itgb3
Ibsp,Itgav
Cxcl6,Ackr1
Cxcl6,Grm7
Cxcl6,Mtnr1a
Il2,Cd53
Apoc3,Lrp2
Apoc3,Ldlr
Apoc3,Lrp1
Apoc3,Sdc2
Hrg,Erbb3
Apoc3,Tlr2
Selplg,Itgam
Selplg,Esam
Selplg,Itgb2
Il23a,Il12rb2
Fgf6,Sdc4
Gnb3,Tgfbr1
Gnb3,Gabbr2
Lama4,Itga6
Lama4,Itgav
Lama4,Itgb1
Hbegf,Cd44
Hbegf,Prlr
Il4,Il13ra2
Il4,Cd53
Apob,Adrb2
Sema3g,Nrp2
Ltf,Lrp1
Ltf,Tfrc
Hrg,Erbb2
Hrg,Fcgr1a
Tfpi,Lrp1
Tfpi,F3
Apob,Itgam
Apob,Olr1
Apob,Vldlr
Apob,Calcr
Apob,Tlr6
Apob,Lrp1
Apob,Itgb2
Apob,Tlr4
Apob,Lrp8
Wnt6,Fzd4
Proc,Itgam
Proc,Itgb2
Proc,Thbd
Apoa1,Lrp2
Apoa1,Ldlr
Apoa1,Lrp1
Fgf23,Fgfr2
Fgf23,Phex
Fgf23,Kl
Tgfb3,Eng
Tgfb3,Itgb1
Tgfb3,Itgb3
Tgfb3,Acvrl1
Tgfb3,Itgb6
Tgfb3,Itgb5
Ifna7,Ifnar2
Ifna7,Ifnar1
Iapp,Pth1r
Iapp,Adcyap1r1
Iapp,Vipr1
Iapp,Gpr20
Iapp,Adrb2
Iapp,Adrb3
Iapp,Tshr
Iapp,Gpr84
Tnfsf10,Ripk1
Gstm2,Ryr2
Inhba,Acvr1
Gdf11,Bmpr1b
Inhba,Eng
Inhba,Smad3
Inhba,Bambi
Inha,Acvr1
Inha,Acvr2b
Pi3,Pld2
Lypd3,Agr2
Pspn,Sdc3
Ereg,Erbb2
Pecam1,Efnb2
Efnb2,Pecam1
Efnb2,Rhbdl2
Grm5,Efnb2
Efnb2,Grm5
Pspn,Gfra2
Efnb2,Epha6
Efnb2,Grm1
Grm1,Efnb2
Bmp4,Lrp6
Bmp4,Hjv
Pspn,Gfra3
Crp,Cr1
Pspn,Gfra1
Tnfsf9,Pvr
Tnfsf9,Traf2
Traf2,Tnfsf9
Cd70,Tnfrsf13b
C3,Cd19
C3,Cd46
C3,Mtnr1a
C3,Grm7
C3,Itgax
C3,Adra2a
C3,Ifitm1
C3,Cd81
Vasp,Cxcr2
Slurp1,Chrna7
Gdf1,Smad3
Omg,Rtn4rl1
Tph1,Htr7
Tph1,Htr1a
Tph1,Htr1f
Tph1,Htr1d
Tph1,Htr2c
Cfc1,Smad3
Tph1,Htr4
Tph1,Htr6
Tph1,Htr1b
Tph1,Htr2a
Tph1,Htr2b
Tph1,Htr5a
Cfc1,Acvr1b
Tph1,Htr1e
Aanat,Mtnr1b
Aanat,Mtnr1a
Lman1,Mcfd2
Apoe,Lrp6
Apoe,Lrp2
Apoe,Lrp5
Apoe,Chrna4
Apoe,Trem2
Apoe,Abca1
Apoe,Sdc2
Apoe,Lrp8
Apoe,Lrp4
Apoc2,Ldlr
Ncan,Cdh2
Ncan,Sdc3
Gdf15,Ret
Lama5,Sdc1
Fst,Hjv
Lama5,Itga6
Lama5,Itgb1
Lama5,Itga2
F12,Gp1ba
Crp,Olr1
Nts,Sort1
Tshb,Pth1r
Tshb,Adcyap1r1
Tshb,Vipr1
Tshb,Gpr20
Tshb,Adrb2
Tshb,Adrb3
Tshb,Gpr84
Gdf11,Bmpr1a
Fst,Bmpr2
Fst,Bmpr1b
Plxna2,Sema6a
Lacrt,Sdc1
Gdf11,Bmpr2
Lamc1,Itga6
Lamc1,Itga1
Lamc1,Itga7
Lamc1,Itgav
Lamc1,Itgb1
Ccl27,Grm7
Lamc1,Itga2
Il36g,Il36rn
Il1rn,Il1rl2
Il36a,Il36rn
Il36b,Il36rn
Orm1,Ccr5
Ccn3,Plxna1
Ccl21,Adra2a
Ccl21,Mtnr1a
Ccl21,Cxcr3
Ccl21,Grm7
Ccl21,Ackr2
Ccl27,Adra2a
Ccl27,Ackr2
Ccl27,Mtnr1a
Tgs1,Rxra
Mmp7,Cd44
Mmp7,Sdc1
Mmp7,Cd151
Mmp7,Erbb4
Thbs1,Itga4
Thbs1,Sdc1
Thbs1,Itgb1
Thbs1,Lrp5
Adam10,Il6r
Adam10,Met
Thbs1,Itga2b
Thbs1,Itgb3
Thbs1,Scarb1
Thbs1,Itga6
Thbs1,Tnfrsf11b
Adam10,Tspan17
Thbs1,Cd36
Adam10,Gpnmb
Adam10,Tspan5
Adam10,Tspan15
Adam10,Tspan10
Adam10,Cadm1
Adam10,Tspan14
Adam10,Epha3
Adam10,Trem2
Adam10,Axl
Adam10,Nrcam
Wnt5a,Antxr1
Lyz,Itgal
Vwf,Scara5
Vwf,Itga2b
Vwf,Itgb3
Vwf,Stab2
Vwf,Selp
Vwf,Sirpa
Vwf,Gp1ba
Cdh1,Egfr
Fgf10,Fgfrl1
Cdh1,Lrp5
Cdh1,Igf1r
Cdh1,Erbb3
Cdh1,Cdh2
Cdh1,Ptprm
Cdh1,Ptprf
Rims2,Abca1
Anos1,Fgfr1
Timp2,Cd44
Timp2,Itgb1
Lgals3bp,Itgb1
Il37,Il1rapl1
Il1a,Il1rap
Il1b,Sigirr
Il1b,Adrb2
Mia,Cdh7
Cntn3,Ptprg
Cklf,Ccr4
Farp2,Plxna3
Icam1,Muc1
Farp2,Plxna1
Farp2,Plxna2
Farp2,Plxna4
Lamc2,Itga6
Lamc2,Cd151
Lamc2,Itgb1
Calm2,Scn4a
Lamc2,Itga2
Lamc2,Col17a1
Nid1,Itgb1
Nid1,Itgb3
Nid1,Col13a1
Icam1,Egfr
Nid1,Ptprf
Nmu,Adra2a
Nmu,Grm7
Nmu,Mtnr1a
Fgf2,Cd44
Fgf2,Sdc3
Fgf2,Gpc4
Fgf2,Fgfrl1
Wnt5a,Ptk7
Wnt5a,Ldlr
Wnt5a,Epha7
Wnt5a,Vangl2
Wnt5a,Ptprk
Wnt5a,Adrb2
Wnt5a,Fzd9
Wnt5a,Fzd8
Icam1,Cav1
Icam1,Il2ra
Icam1,Il2rg
Erbb4,Egf
F13a1,Itga4
F13a1,Itgb1
Bst1,Cav1
Kng1,Itgam
Kng1,Adra2a
Kng1,Rxfp4
Kng1,Plaur
Kng1,Mtnr1a
Kng1,Itgb2
Kng1,Sdc2
Kng1,Grm7
Kng1,Gp1ba
Egf,Nrp1
Egf,Axl
Vcan,Itga4
Vcan,Egfr
Vcan,Itgb1
Vcan,Tlr1
Tnc,Itga5
Crh,Pth1r
Tnc,Sdc1
Tnc,Egfr
Tnc,Ptprb
Tnc,Itga7
Crh,Vipr1
Egf,Ldlr
Egf,Fshr
Egf,Adrb2
Egf,Cav1
Egf,Rhbdl2
Egf,Erbb4
Sema3c,Plxnd1
Sema3c,Nrp1
Sema3a,Nrp2
Wnt2,Fzd8
Wnt2,Fzd2
Nptx2,Nptxr
Gal,Adra2a
Gal,Mtnr1a
Gal,Grm7
Gal,Gpr151
Crh,Gpr20
Adam2,Itgb1
Cd9,Adam2
Adam2,Cd9
Adam2,Itga6
Dhh,Boc
Adam2,Itgb7
Adam28,Itga4
Slit1,Flrt3
Timp3,Cd44
Timp3,Met
Inhbe,Acvr2b
Lum,Itgb1
Dhh,Cdon
Fgf7,Fgfr4
Fgf7,Fgfr1
Fgf7,Fgfr3
Calm2,Aqp1
Hdc,Hrh1
Hdc,Hrh2
Hdc,Hrh3
Mfge8,Itgb3
Igfbp4,Fzd8
Pth2,Adcyap1r1
Pth2,Tshr
Pth2,Gpr20
Pth2,Gpr84
Pth2,Adrb2
Pth2,Adrb3
Pth2,Vipr1
Cgn,F11r
Cgn,Tgfbr2
Cgn,Ocln
Cgn,Tgfbr1
Lefty1,Acvr2b
Lefty1,Acvr1b
Wnt3a,Ror1
Calm2,Kcnq3
Calm2,Kcnq5
Calm2,Adcy8
Calm2,Gp6
Calm2,Scn10a
Calm2,Plpp6
Calm2,Aqp6
Calm2,Grm5
Nxph2,Nrxn1
Lrig1,Met
Ucn2,Il10rb
Sfrp2,Fzd5
Crh,Adcyap1r1
Crh,Adrb2
Crh,Gpr84
Crh,Adrb3
Crh,Tshr
Rspo2,Znrf3
Ifna1,Cr2
Lin7c,Abca1
Lin7c,Kcnj4
Gpha2,Epha6
Il18,Cd48
Il18,Il1rapl1
Il18,Il18bp
Qdpr,Dysf
Pigf,Flt1
Pth,Adcyap1r1
Pth,Adrb2
Pth,Gpr84
Pth,Vipr1
Pth,Gpr20
Pth,Adrb3
Pth,Tshr
Bmp3,Acvr2b
Bmp6,Hjv
Sema3d,Plxnd1
Wnt3a,Atp6ap2
Wnt3a,Apcdd1
App,Vldlr
App,Mtnr1a
App,Grm7
App,Lrp10
App,Pld1
App,Tspan15
App,Dcc
App,Cav1
App,Rpsa
App,Ncstn
App,Ager
Wnt7a,Ldlr
Wnt7a,Reck
Dkk2,Kremen2
Wif1,Ryk
Adamts3,Ccbe1
Cxcl13,Ccr10
Cxcl13,Grm7
Cxcl13,Mtnr1a
Nodal,Smad3
Sst,Mtnr1a
Sst,Grm7
Wnt4,Fzd8
Wnt4,Fzd2
Ace,Bdkrb2
Agrp,Sdc3
Pip,Aqp5
Calm3,Kcnq3
Calm3,Kcnq5
Calm3,Esr1
Calm3,Ryr2
Calm3,Gp6
Calm3,Scn10a
Calm3,Aqp6
Calm3,Grm5
Calm3,Ar
Calm3,Aqp1
Cxcl16,Mtnr1a
Calm3,Scn4a
Tff2,Muc6
Tff1,Muc5ac
S100b,Alcam
S100b,Ager
S100a1,Trpm3
S100a1,Ryr2
S100a1,Ryr1
S100a1,Tlr4
S100a1,Ager
Scgb3a1,Marco
Hcrt,Npffr2
Sstr2,Shank1
Shank1,Sstr2
Wnt1,Fzd9
Cxcl16,Grm7
Tnfsf12,Tnfrsf25
Fgf11,Fgfr2
Fgf11,Fgfr1
Fgf11,Fgfr3
Ntn3,Cdon
Draxin,Dcc
Vcam1,Ezr
Hmmr,Has2
Vcam1,Msn
Arpc5,Adrb2
Arpc5,Ldlr
Inhbb,Smad3
Neo1,Rgmb
Bmp10,Bmpr1b
Ihh,Boc
Ihh,Cdon
Cxcl3,Mtnr1a
Cxcl3,Grm7
Cxcl5,Mtnr1a
Cxcl5,Grm7
Ppbp,Mtnr1a
Ppbp,Grm7
Vegfd,Itgb1
Pf4,Fgfr2
Pf4,Sdc2
Pf4,Ackr1
Pf4,Grm7
Pf4,Ldlr
Pf4,Thbd
Pf4,Mtnr1a
Cripto,Acvr2b
Cripto,Smad3
Liph,Lpar1
Liph,Lpar4
Meltf,Tfrc
Camp,P2rx7
Il15,Il2ra
Scgb3a2,Marco
Spink1,Nrsn1
Csf2,Itgb1
Csf2,Csf2rb
Csf2,Il3ra
Csf2,Sdc2
Fabp5,Rxra
Shh,Scube2
Shh,Gpc5
Shh,Cdon
Col1a2,Cd44
Il16,Grin2b
Col1a2,Itgb3
Col1a2,Cd36
Col14a1,Cd44
Vegfd,Itga4
Vegfd,Nrp2
Arf6,Pld1
Arf6,Smap1
Jam3,Itgb1
Hsp90b1,Tlr9
Hsp90b1,Tlr7
Hsp90b1,Tlr4
Hsp90b1,Tlr1
Angptl4,Gpihbp1
Angptl4,Tie1
Fadd,Abca1
Pnoc,Grm7
Pnoc,Oprl1
Pnoc,Mtnr1a
Cd14,Tlr1
Fga,Itgad
Ccl11,Dpp4
Igf1,Insr
Igf1,Igf2r
Insl5,Mtnr1a
Insl5,Grm7
Il16,Kcnj4
Il16,Kcnj10
Il16,Grin2a
Hspa4,Tlr4
Pcsk9,Vldlr
Pcsk9,Ldlr
Bmp1,Bmpr1b
Il12a,Cd28
Cd14,Itga4
Cd14,Itgb1
Cd14,Tlr6
Cd14,Tlr9
Cd14,Itgb2
Il13,Tmem219
Il13,Il2rg
Nlgn2,Mdga1
Cxcl10,Dpp4
Cxcl10,Grm7
Bmp1,Bmpr2
Bmp1,Bmpr1a
Fgb,Itgb1
Fgb,Tlr4
Fga,Tlr4
Cxcl11,Grm7
Fga,Plaur
Fga,Cdh5
Adam17,Met
Cxcl8,Sdc1
Cxcl8,Sdc3
Cxcl8,Grm7
Cxcl11,Dpp4
Dpp4,Cxcl11
Cxcl11,Ackr1
Has2,Hmmr
Has2,Cd44
Nptx1,Nptxr
Rgmb,Hjv
Rgmb,Bmpr2
Rgmb,Neo1
Calca,Gpr84
Rgmb,Bmpr1b
F2,Gp1bb
F2,Thbd
F2,Gp1ba
Inhbc,Acvr2b
Ccl19,Ccr10
Ccl19,Grm7
Ccl19,Ackr2
Plg,Itgam
Plg,Itgb1
Plg,Plaur
Plg,Itgb2
Clcf1,Crlf1
Cshl1,Ghr
Lpl,Gpihbp1
Lpl,Cd44
Calca,Gpr20
Lpl,Sdc1
Lpl,Vldlr
Efemp2,Aqp1
Efemp2,Plscr4
Adam17,Itgb1
Adam17,Rhbdf2
Adam17,Il6r
Adam17,Erbb4
Vegfb,Ret
Gnai2,Lpar3
Gnai2,S1pr5
Gnai2,Adora1
Gnai2,C5ar1
Gnai2,F2r
Gnai2,Fpr1
Gnai2,S1pr3
Gnai2,Oprm1
Gnai2,Unc5b
Gnai2,Cav1
Gnai2,Ptpru
Gnai2,Tbxa2r
Gnai2,Cxcr3
Gnai2,Ednrb
Gnai2,Cxcr2
Gnai2,Drd2
Drd2,Gnai2
Gnai2,Adcy7
Gnai2,Tshr
Tshr,Gnai2
Angpt2,Tie1
Csh1,Prlr
Agtrap,Rack1
Pkm,Cd44
Calr,Mpl
Calr,Tshr
Lpa,Itgam
Lpa,Lpar3
Lpa,Itgb2
Lpa,Lpar1
Lpa,Lpar4
Lpa,Lpar2
Fgf13,Fgfr1
Csf1,Sirpa
Fgf13,Fgfr2
Fgf13,Fgfr3
Mmp1,Cd44
Penk,Grm7
Lama3,Itgb1
Sema6d,Trem2
Trem2,Sema6d
Izumo1,Cd9
Plxna1,Sema6d
Wnt11,Klrg2
Fbn1,Itgb3
Psen1,Cd44
Bgn,Tlr1
Izumo1,Izumo1r
P4hb,Mttp
Efna5,Epha10
Efna5,Ephb1
Npw,Grm7
Cntn2,Cntnap2
Cntn2,Cntn1
Cntn1,Cntn2
Cntn2,Nrcam
Bcan,Nrcam
Fbln1,Itgb1
Calca,Adcyap1r1
Calca,Adrb3
Calca,Tshr
Col4a5,Cd47
Slit3,Robo2
Slit3,Robo1
Pmch,Grm7
Npb,Grm7
Btla,Cd247
Tac4,Tacr2
Fgf3,Fgfr3
Ghrl,Ptger3
Ghrl,Tbxa2r
Hsp90aa1,Itgb3
Hsp90aa1,Fgfr3
Fgg,Itgb1
Fgg,Tlr4
Rtn4,Tnfrsf19
Rtn4,Gjb2
C1qtnf1,Avpr2
Dmp1,Phex
Dmp1,Itgb3
Ntn4,Dcc
Ptn,Sdc1
Ptn,Ptprs
Col9a3,Mag
Icam4,Itgam
Icam4,Itga4
Icam4,Itgb3
Icam4,Itgb1
Rhag,Icam4
Icam4,Rhag
Tnfsf13,Tnfrsf14
Tnfsf13,Fas
Hmgb1,Tlr9
Hmgb1,Thbd
Hmgb1,Cxcr4
Hmgb1,Cd163
Fyn,Spn
Fn1,Col13a1
Fn1,C5ar1
Fn1,Itga6
Fn1,Dpp4
Fn1,Cd44
Fn1,Tshr
Fn1,Mag
Col18a1,Itgb3
Col18a1,Gpc4
Thbs2,Itgb3
Hp,Itgam
Hp,Itgb2
Hp,Tlr4
Hp,Cd163
Rspo1,Fzd8
Adam15,Itgb1
Adam15,Itgb3
Calm1,Kcnq3
Calm1,Grm3
Calm1,Calcr
Calm1,Grm4
Calm1,Crhr1
Calm1,Hmmr
Calm1,Adcyap1r1
Calm1,Oprm1
Calm1,Ryr2
Calm1,Glp1r
Calm1,Scn10a
Calm1,Aqp6
Calm1,Ptpra
Calm1,Scn4a
Vip,Gpr84
Gip,Adcyap1r1
Gip,Dpp4
Gip,Tshr
Gip,Gpr20
Gip,Gpr84
Apoa4,Ldlr
Nrp2,Sema4f
Sema4f,Nrp2
Gad1,Grm4
Itih2,Fcer1a
Pyy,Dpp4
Pyy,Npy1r
F8,Ldlr
Col4a2,Itgb3
Lamc3,Itga6
Lamc3,Itgb1
Col6a1,Itga6
Tgm2,Itga4
Tgm2,Itgb1
Tgm2,Itgb3
Tgm2,Sdc4
Tgm2,Tbxa2r
Thbs2,Itga4
Thbs2,Itgb1
Thbs2,Notch4
Thbs2,Itga6
Thbs2,Cd36
Lefty2,Acvr1b
Tgfb2,Eng
C4bpa,Bmpr2
Vip,Gpr20
Vip,Tshr
Cfh,Itgam
Ptgs2,Alox5
Xcl1,Adgrv1
Ccn2,Itgam
Ccn2,Ntrk1
Ccn2,Itgb2
Apoa2,Ldlr
Efna1,Ephb6
Efna1,Epha10
Efna1,Ephb1
Efna3,Ephb6
Efna3,Epha10
Avp,Tshr
Efna3,Ephb1
Ephb1,Efna3
S100a8,Itgb2
S100a8,Cd36
S100a12,Tlr4
S100a12,Cd36
S100a9,Itgb2
S100a9,Cd36
Ngf,Sorcs2
Ngf,Trpv1
Ngf,Maged1
Nrxn1,Rph3a
Ngf,Bex3
L1cam,Fgfr2
L1cam,Ephb2
L1cam,Cntn1
Calcb,Adcyap1r1
Col11a1,Ddr1
Cd40lg,Itgam
Cd40lg,Itgb2
Cd40lg,Traf3
Mmp9,Itgam
Gnas,Adcy7
Angptl3,Itgb3
Rbp4,Stra6
Cel,Cxcr4
Sftpd,Tlr4
Mmp9,Cd44
Mmp9,Itgb2
Sptan1,Ptpra
Plau,Itgam
Plau,Vldlr
Plau,Itgb1
Plau,Itgb2
Angptl2,Lilrb2
Ghrh,Adcyap1r1
Ghrh,Gpr20
Ghrh,Tshr
Ghrh,Gpr84
Hspg2,Sdc1
Hspg2,Fgfr1
F10,Itgam
F10,Itgb2
Syk,Lat
Calcb,Tshr
Fgf14,Fgfr2
Fgf14,Fgfr1
Hla-c,Cd3g
Hla-c,Kir3dl1
Hla-e,Kir3dl1
Actr2,Ldlr
Ndp,Lgr4
Gdf9,Bmpr1b
Agrn,Itgb1
Insl3,Adcyap1r1
Insl3,Tshr
Insl3,Gpr84
Insl3,Rxfp1
Avp,Adcyap1r1
Avp,Ldlr
Avp,Gpr84
Ucn3,Crhr1
Shbg,Cldn4
Rln2,Adcyap1r1
Rln2,Tshr
Rln2,Gpr84
Zg16b,Cxcr4
Rph3a,Nrxn1
Lama1,Itga6
Lama1,Itga7
Ccl25,Ackr2
Lamb3,Cd151
Lamb3,Itgb1
Lamb3,Itga6
Afdn,Nrxn3
Il1f10,Il1r1
Calcb,Gpr84
Lgals9,Cd44
Lgals9,Slc1a5
Adm2,Adcyap1r1
Adm2,Tshr
Adm2,Gpr84
Cxcl12,Itgb1
Adm,Adcyap1r1
Col4a3,Itgb3
Col4a4,Itgb3
Hla-a,Cd3g
Cntn4,Ptprg
C4a,C5ar2
Tctn1,Tmem67
Pdcd1lg2,Pdcd2
Nps,Adcyap1r1
Nps,Gpr84
Nps,Tshr
Dscam,Dcc
Pomc,Adcyap1r1
Hspa8,Ldlr
Pomc,Oprm1
Pomc,Gpr84
Pomc,Tshr
Fbln2,Itgb3
Saa1,Fpr1
Mdk,Itga6
Tf,Ldlr
Tf,Tfr2
Tf,Hfe
Artn,Gfra2
Gcg,Adcyap1r1
Gcg,Gpr84
Gcg,Tshr
Adipoq,Gpr42
Ptpn6,Cd300lf
Ntf3,Ntrk1
Rln3,Adcyap1r1
Rln3,Tshr
Rln3,Gpr84
Tnf,Ffar2
Ccn1,Itgam
Ccn1,Itgb3
Hla-b,Cd3g
Lama2,Itga7
Icam2,Itgam
Fshb,Adcyap1r1
Fshb,Tshr
Fshb,Gpr84
C1qtnf5,Mfrp
Adm,Tshr
Adm,Gpr84
Pthlh,Adcyap1r1
Pthlh,Gpr84
Cga,Adcyap1r1
S100a10,Cftr
Shank2,Cftr
Hsp90aa1,Cftr
Plau,Itga3
Lama3,Itga3
Lama4,Itga3
Lama2,Itga3
Lama1,Itga3
Lgals8,Itga3
Nid1,Itga3
Lamc3,Itga3
Thbs1,Itga3
Timp2,Itga3
Lamb2,Itga3
Col4a3,Itga3
Lama5,Itga3
Slpi,Cd4
Adam9,Itga3
Lamc1,Itga3
Lamb3,Itga3
Col18a1,Itga3
Vtn,Itga3
Hp,Cd22
Lamb1,Itga3
Lamc2,Itga3
Hla-g,Cd4
Cxcl12,Cd4
Pip,Cd4
Cpamd8,Sctr
Calm1,Sctr
Rtn4r,Rtn4
Rtn4,Rtn4r
Omg,Rtn4r
Cd70,Tnfrsf17
Calm2,Kcnq1
Calml3,Kcnq1
Calm1,Kcnq1
Calm3,Kcnq1
Tnfsf13,Tnfrsf1a
Ltb,Tnfrsf1a
Il2,Ngfr
Rtn4,Ngfr
Ntf4,Ngfr
Ntf3,Ngfr
Omg,Ngfr
App,Ngfr
Nts,Ngfr
Bdnf,Drd4
Pyy,Fap
Npy,Fap
Lama3,Itgb4
Lama2,Itgb4
Lamc3,Itgb4
Lamb2,Itgb4
Lama5,Itgb4
Ghrh,Ramp3
Lamc1,Itgb4
Lama1,Itgb4
Lamb3,Itgb4
Lamb1,Itgb4
Cga,Ramp3
Lamc2,Itgb4
Fgf1,Tgfbr3
Inhba,Tgfbr3
Proc,Procr
Pf4,Procr
Fam3c,Glra2
Ghrl,Mlnr
Col2a1,Tnfrsf10a
Rims1,Slc17a7
App,Aplp1
Btla,Cd79a
Cxcl8,Cd79a
Fn1,Cd79a
Klk3,Epor
Kitlg,Epor
Lama1,Itgb8
Vtn,Itgb8
Gnai2,Oprd1
Col4a1,Itgb8
Fn1,Itgb8
App,Tspan12
Adam10,Tspan12
Hbegf,Cd82
Il22,Il10ra
S100a8,Cd69
Oprd1,Gnai2
Cxcl13,Oprd1
Calm2,Sell
Calm1,Sell
Calm3,Sell
Raet1l,Klrk1
Gcg,Ramp3
Raet1g,Klrk1
Inhbc,Acvr2a
Gdf9,Acvr2a
Cfc1,Acvr2a
Nodal,Acvr2a
Bmp15,Acvr2a
Lefty1,Acvr2a
Inha,Acvr2a
Gdf1,Acvr2a
Tshb,Ramp3
Pth2,Ramp3
Inhbe,Acvr2a
Lefty2,Acvr2a
Avp,Ramp3
Adcyap1,Ramp3
Vip,Ramp3
Pth,Ramp3
Pthlh,Ramp3
Nps,Ramp3
Fshb,Ramp3
Pomc,Ramp3
Rln2,Ramp3
Rln3,Ramp3
Gip,Ramp3
Crh,Ramp3
Insl3,Ramp3
Apoa2,Lrp1
Agrn,Lrp1
Gpc3,Lrp1
Pdgfb,Lrp1
A2m,Lrp1
Apoc2,Lrp1
Serpine2,Lrp1
Hspg2,Lrp1
Mmp13,Lrp1
Apoe,Lrp1
Pcsk9,Lrp1
Mmp9,Lrp1
Hsp90b1,Lrp1
Plau,Lrp1
Lrpap1,Lrp1
C3,Lrp1
Fcn2,Lrp1
Thbs1,Lrp1
Apoa4,Lrp1
C1qb,Lrp1
C4bpa,Lrp1
Vwf,Lrp1
F8,Lrp1
Ccn2,Lrp1
Hpx,Lrp1
App,Lrp1
Lpl,Lrp1
Lipc,Lrp1
Pf4,Lrp1
Psap,Lrp1
Wnt3a,Lrp1
Cripto,Acvr1c
App,Ptger2
F12,Cd93
Col4a3,Cd93
Col4a6,Cd93
Col4a5,Cd93
Kng1,Cd93
Sftpa2,Cd93
Col4a2,Cd93
Col4a4,Cd93
Mbl2,Cd93
Col1a2,Cd93
Col4a1,Cd93
Gnai2,S1pr4
Kiss1,Mmp24
Igfl2,Igflr1
Fadd,Traf2
Cga,Ramp2
Igfl1,Igflr1
Igfl3,Igflr1
Hla-b,Canx
Tnfsf4,Traf2
Traf2,Tnfsf4
Tnf,Traf2
Gstp1,Traf2
Galp,Galr3
Wnt4,Smo
Bmp2,Smo
Shh,Smo
Ccl11,Ackr4
Ghrh,Ramp2
Ccl7,Ackr4
Ccl8,Ackr4
S100a9,Cd68
S100a8,Cd68
Pdgfb,Art1
Hla-a,Lilra1
Hla-c,Lilra1
Hla-b,Lilra1
Adcyap1,Ramp2
Gcg,Ramp2
Tshb,Ramp2
Pth2,Ramp2
Avp,Ramp2
Vip,Ramp2
Pth,Ramp2
Pthlh,Ramp2
Nps,Ramp2
Fshb,Ramp2
Pomc,Ramp2
Rln2,Ramp2
Rln3,Ramp2
Gip,Ramp2
Crh,Ramp2
Insl3,Ramp2
Vip,Ramp1
Guca2b,Gucy2d
Clec3a,Clec10a
Chrm3,Arf1
Fgf21,Klb
Arf1,Chrm3
Vegfc,Lyve1
Pcsk9,Sort1
Ngf,Sort1
Bdnf,Sort1
Fgf19,Klb
Psap,Sort1
App,Notch2
Ngf,Kidins220
Hdc,Hrh4
Gnai2,Mtnr1b
Pdgfd,Pdgfra
Lama1,Nt5e
Fn1,Nt5e
Calm1,Mip
Lta,Ripk1
Cd14,Ripk1
Calr,Hla-f
B2m,Hla-f
Hmgb1,Tlr2
Ccn1,Tlr2
Hsp90b1,Tlr2
Saa1,Tlr2
Ccn6,Sorl1
Mdk,Sorl1
App,Sorl1
Plau,Itgav
Edil3,Itgav
Col4a6,Itgav
Col4a5,Itgav
Nid1,Itgav
Pdgfb,Itgav
Icam4,Itgav
Col4a4,Itgav
Ccn1,Itgav
Col1a2,Itgav
Fga,Itgav
Col4a3,Itgav
Fgb,Itgav
Fbn1,Itgav
Angptl3,Itgav
Azgp1,Itgav
Adam9,Itgav
Vegfa,Itgav
Adam15,Itgav
Nms,Adra2a
Col4a1,Itgav
Cp,Slc40a1
Igfbp4,Lrp6
Vegfa,Tyro3
Pth,Lrp6
App,Lrp6
Cklf,Lrp6
Dkk2,Lrp6
Saa1,Scarb1
Col2a1,Itga2b
Mfge8,Pdgfrb
Pdgfa,Pdgfrb
Tnf,Flt4
Col1a2,Flt4
Fn1,Flt4
Lgals3bp,Cd33
Gdf2,Acvr1
Asip,Mgrn1
F2,Itga2b
Calr,Itga2b
Cd81,Gpc3
Col1a2,Itga2b
Calm1,Glp2r
Calm2,Trpc5
Calm1,Trpc5
Calm3,Trpc5
Calm1,Kcnn4
Calr,Scarf1
Arf1,Pld2
Egf,Pld2
Crisp3,A1bg
Hspa1a,Grin2d
Cd99,Cd81
Egf,Lrp2
Thbs2,Notch3
Scgb3a1,Notch3
Clcf1,Lifr
App,Aplp2
Hla-a,Aplp2
Pcsk9,Aplp2
Inhbb,Acvr1
Tnfsf12,Tnfrsf8
Bmp2,Acvr1
Gdf5,Acvr1
Tgfb2,Acvr1
Gpc3,Cd81
Mdk,Lrp2
Plau,Lrp2
Lrpap1,Lrp2
Arpc5,Lrp2
Agt,Lrp2
Gc,Lrp2
Avp,Lrp2
Alb,Lrp2
Apoa2,Lrp2
Agrn,Lrp2
Gpc3,Lrp2
Tf,Lrp2
Ins,Lrp2
Lpa,Lrp2
Apoa4,Lrp2
Cubn,Lrp2
Hspa8,Lrp2
Scgb1a1,Lrp2
Apoc2,Lrp2
Hspg2,Lrp2
Lpl,Lrp2
Wnt5a,Lrp2
Lcn2,Lrp2
Actr2,Lrp2
Lep,Lrp2
Kdr,Sema6d
Cxcl8,Kdr
Col18a1,Kdr
Wnt5a,Mcam
Lama1,Gpc1
Cripto,Gpc1
Bmp2,Gpc1
Nrg1,Gpc1
App,Gpc1
Serpinc1,Gpc1
Col18a1,Gpc1
Shh,Gpc1
Vegfa,Gpc1
Il18,Il1rl2
Il18,Il18rap
Cntnap1,Rtn4
Rtn4,Cntnap1
Vegfc,Itga9
Adam2,Itga9
Plg,Itga9
F13a1,Itga9
Vegfd,Itga9
Adam12,Itga9
Cxcl3,Adra2a
Tgm2,Itga9
Vegfa,Itga9
Csf2,Itga9
Adam15,Itga9
Fn1,Itga9
Calm1,Cacna1c
Nppc,Npr3
Nppb,Npr3
Vip,Npr3
Nppa,Npr3
Agt,Enpep
Sema3d,Nrp1
Sema3e,Nrp1
Cntn2,Nrp1
Afdn,Nrxn2
Camp,Igf1r
Calm2,Cacna1c
Ncam1,Cacna1c
Rims1,Cacna1c
Hsp90b1,Asgr1
Calm3,Cacna1c
Wnt3a,Lgr5
Nrg3,Erbb3
Areg,Erbb3
Erbb3,Areg
Ccl5,Adra2a
Tgfa,Erbb3
Scgb1a1,Lmbr1l
Gpc3,Igf1r
Gnai2,Igf1r
Cxcl11,Adra2a
Hp,Asgr1
S100a4,Erbb2
Nrg3,Erbb2
Erbb2,Sema4d
Sema4d,Erbb2
Hla-a,Erbb2
Erbb2,Hla-a
Ifna5,Ifnar1
Nrg4,Erbb2
Hsp90b1,Erbb2
L1cam,Erbb2
Nrg2,Erbb2
Hsp90aa1,Erbb2
Btc,Erbb2
Ifna16,Ifnar1
Ifna14,Ifnar1
Ifna4,Ifnar1
Ifna6,Ifnar1
Ifna10,Ifnar1
Ifna8,Ifnar1
Mmp9,Ifnar1
Ifna21,Ifnar1
Bcan,Egfr
Ifna2,Ifnar1
Tnf,Celsr2
Cxcl9,Fcgr2a
Ptpn11,Fcrl4
Ptpn6,Fcrl4
Tff1,Fcrl4
Calm1,Pth2r
Nrtn,Gfra3
Gdnf,Gfra3
Gnai2,Adra2a
S100a4,Egfr
Zp3,Egfr
Nrg1,Egfr
Fgf1,Egfr
Nrg4,Egfr
L1cam,Egfr
Fgl1,Egfr
Fgf13,Egfr
Adra2a,Gnai2
Agt,Adra2a
Hsp90aa1,Egfr
Camp,Egfr
Cntf,Egfr
Ccn2,Egfr
Lrig2,Egfr
Vegfa,Egfr
Calm1,Htr2c
Faslg,Tnfrsf10b
Ntf3,Ntrk2
Tnf,Notch1
Wnt4,Notch1
Ntng2,Lrrc4c
Spint1,St14
Pdyn,Adra2a
Cxcl12,Adra2a
Apln,Adra2a
Sst,Adra2a
Insl5,Adra2a
Npy,Adra2a
Ccl25,Adra2a
Pomc,Adra2a
Saa1,Adra2a
Cxcl8,Adra2a
Pyy,Adra2a
Ccl16,Adra2a
Cxcl2,Adra2a
Cxcl13,Adra2a
Cxcl10,Adra2a
Ppbp,Adra2a
Pmch,Adra2a
Cxcl5,Adra2a
Ccl19,Adra2a
Pnoc,Adra2a
App,Adra2a
Cxcl1,Adra2a
Npb,Adra2a
Ppy,Adra2a
Cxcl9,Adra2a
Cxcl16,Adra2a
Ccl20,Adra2a
Npw,Adra2a
Penk,Adra2a
Ccl28,Adra2a
Rln3,Adra2a
Pf4,Adra2a
Cort,Adra2a
Anxa1,Adra2a
Npy,Mtnr1a
Pdgfc,Flt1
Vegfc,Flt1
Plg,Flt1
Vegfd,Flt1
Sorbs1,Itga1
Lama2,Itga1
Lama1,Itga1
Vegfd,Itga1
Matn1,Itga1
Fbn1,Itgb6
Fn1,Itgb6
Sftpd,Ly96
Bgn,Ly96
Gnas,Adcy8
Il16,Ccr5
Gnai2,Adcy8
Calm3,Adcy8
Wnt4,Fzd1
Ccl25,Mtnr1a
B2m,Cd1a
Il24,Il10rb
Ucn3,Il10rb
Penk,Ogfr
Pip,Nptn
Ghrl,Ptgir
S100a4,Ccr5
Pomc,Mtnr1a
Mdk,Gpc2
Fgf21,Fgfr4
Fgf3,Fgfr4
Fgf14,Fgfr4
Fgf11,Fgfr4
Fgf13,Fgfr4
Fgf12,Fgfr4
Plau,Itga5
Spp1,Itga5
Ccn1,Itga5
Adam15,Itga5
Fga,Itga5
Vegfd,Itga5
Angpt1,Itga5
Col18a1,Itga5
Adam17,Itga5
Angptl3,Itga5
Gnai2,Adcy9
Gnai2,Lhcgr
Gnas,Lhcgr
Gnai2,Cxcr1
Cxcl3,Cxcr1
Cxcl2,Cxcr1
Sorbs1,Itgb5
Il17a,Il17rc
Fn1,Il17rc
Ccl18,Ccr1
Plau,Itgb5
Edil3,Itgb5
Vip,Avpr1a
Spp1,Itgb5
Col4a2,Itgb5
Ccn1,Itgb5
Adam9,Itgb5
Col18a1,Itgb5
Ltbp3,Itgb5
Ltbp1,Itgb5
Lama2,Itga2
Lama1,Itga2
Lamc3,Itga2
Vegfd,Itga2
Mmp1,Itga2
Hspg2,Itga2
Lamb3,Itga2
Chad,Itga2
Saa1,Mtnr1a
Fn1,Itga2
Hla-c,Cd3d
Plg,F2rl1
Nucb2,Erap1
Tnfsf13,Tnfrsf11b
Fn1,Tnfrsf11b
Rims1,Slc18a2
Cxcl12,Avpr1a
Fat4,Dchs1
Dchs1,Fat4
Galp,Galr1
Adm,Gpr182
B2m,Cd3d
Hla-a,Cd3d
Hla-b,Cd3d
C4a,C3ar1
Pdyn,Mtnr1a
Agt,Mtnr1a
Cxcl12,Mtnr1a
Ccl5,Mtnr1a
Cxcl11,Mtnr1a
Nms,Mtnr1a
Apln,Mtnr1a
Spp1,Ptger4
Calr,Mtnr1a
Cxcl8,Mtnr1a
Pyy,Mtnr1a
Ccl16,Mtnr1a
Cxcl2,Mtnr1a
Cxcl10,Mtnr1a
Pmch,Mtnr1a
Ccl19,Mtnr1a
Cxcl1,Mtnr1a
Npb,Mtnr1a
Ppy,Mtnr1a
Cxcl9,Mtnr1a
Ccl20,Mtnr1a
Npw,Mtnr1a
Penk,Mtnr1a
Ccl28,Mtnr1a
Rln3,Mtnr1a
Cort,Mtnr1a
Anxa1,Mtnr1a
Tac4,Tacr3
Tac4,Tacr1
Ahsg,Insr
Gip,Insr
F2,Gp9
Fn1,Robo4
Ghrh,Adrb2
Avp,Adrb2
Pthlh,Adrb2
Tf,Adrb2
Pomc,Adrb2
Rln2,Adrb2
Hspa8,Adrb2
Adcyap1,Adrb2
Calca,Adrb2
Adm,Adrb2
Cga,Adrb2
Gcg,Adrb2
Vip,Adrb2
Adm2,Adrb2
Nps,Adrb2
Fshb,Adrb2
Calcb,Adrb2
Actr2,Adrb2
Rln3,Adrb2
Gip,Adrb2
Insl3,Adrb2
Gnai2,S1pr1
Pdgfb,S1pr1
S100a9,Alcam
Calm1,Grm5
Tslp,Il7r
Avp,Pth1r
Gnai2,Chrm1
Chrm1,Gnai2
Lama3,Sdc2
Lama1,Sdc2
Hras,Sdc2
Serpinc1,Sdc2
Fn1,Sdc2
Gnai2,P2ry12
Lgals9,Mrc2
Cer1,Mrc2
Npy,Npffr2
Calm1,Gp6
Crisp2,Catsper1
Shbg,Gprc6a
Cxcl2,Xcr1
Calm1,Aqp1
C4b,Cd46
2,Cd46
B2m,Lilrb1
Ins,Lilrb1
Sema4d,Met
Sema5a,Met
Tnf,Icos
Cd55,Adgre2
Ghrh,Ghrhr
Ghrl,Ghrhr
Ghrh,Pth1r
Pomc,Pth1r
Rln2,Pth1r
Adcyap1,Pth1r
Calca,Pth1r
Adm,Pth1r
Cga,Pth1r
Gcg,Pth1r
Vip,Pth1r
Adm2,Pth1r
Nps,Pth1r
Fshb,Pth1r
Calcb,Pth1r
Rln3,Pth1r
Gip,Pth1r
Insl3,Pth1r
Pdx1,Slc2a2
Ccl4,Ccr8
Avp,Vipr1
Pthlh,Vipr1
Pomc,Vipr1
Rln2,Vipr1
Calca,Vipr1
Adm,Vipr1
Cga,Vipr1
Gcg,Vipr1
Adm2,Vipr1
Gnas,Vipr1
Rln3,Vipr1
Nps,Vipr1
Fshb,Vipr1
Calm1,Vipr1
Calcb,Vipr1
Gip,Vipr1
Insl3,Vipr1
Ghrl,Gpr39
Calm1,Cnga2
Rln2,Rxfp3
F11,Gp1ba
Apod,Lepr
Rtn4,Rtn4rl1
Dkk3,Kremen1
Obp2a,Or1g1
Ccl25,Ccr10
Ccl7,Ccr10
Il6,F3
Ppy,Npy2r
Cxcl12,Ccr4
Ccl3,Ccr4
Ptgs2,Ptgdr2
Fam3c,Lamp1
Amelx,Lamp1
F7,F3
Ptn,Ptprb
B2m,Kir2dl1
Hla-a,Kir2dl1
Bmp5,Hjv
Rgma,Hjv
Bmp2,Hjv
Il22,Il21r
Nrg1,Ms4a4a
Ccn1,Cav1
Ptgs2,Cav1
Mmp12,Plaur
Fn1,Plaur
Bmp8b,Plaur
Wnt5b,Klrg2
Fgf14,Fgfr3
Fgf12,Fgfr3
Lefty2,Acvr2b
Nrg1,Adgrl1
Cxcl9,Kir2dl3
Lamb3,Col17a1
Nppa,Npr2
Tnf,Tradd
B2m,Kir2dl3
Hla-a,Kir2dl3
Hla-b,Kir2dl3
Cd5l,Cd5
Ghrh,Adrb3
Avp,Adrb3
Pthlh,Adrb3
Pomc,Adrb3
Rln2,Adrb3
Adcyap1,Adrb3
Adm,Adrb3
Cga,Adrb3
Gcg,Adrb3
Vip,Adrb3
Adm2,Adrb3
Nps,Adrb3
Fshb,Adrb3
Calcb,Adrb3
Rln3,Adrb3
Gip,Adrb3
Insl3,Adrb3
Pomc,Grm7
Ifna16,Ifnar2
Ifna14,Ifnar2
Ifna4,Ifnar2
Ifna5,Ifnar2
Ifna6,Ifnar2
Ifna10,Ifnar2
Ifna8,Ifnar2
Ifna21,Ifnar2
Ifna2,Ifnar2
Mdk,Sdc3
Shbg,Slc37a1
Saa1,Grm7
Calm1,Kcnq5
Lama2,Rpsa
Lama1,Rpsa
Lamb2,Rpsa
F8,Asgr2
Pyy,Grm7
Hp,Asgr2
Edn2,Kel
Edn1,Kel
Ncam1,Gfra1
Ptpn6,Clec12a
Ccl16,Grm7
Vegfa,Ret
Tnf,Fas
Calm1,Fas
Piga,Pigr
Cxcl2,Grm7
Plau,Igf2r
Tnf,Ptprs
Pdyn,Grm7
Agt,Grm7
Cxcl12,Grm7
Ccl5,Grm7
Nms,Grm7
Apln,Grm7
Npy,Grm7
Ccl25,Grm7
Tnfsf13b,Tfrc
Cxcl1,Grm7
Ppy,Grm7
Cxcl9,Grm7
Ccl20,Grm7
Ccl28,Grm7
Rln3,Grm7
Cort,Grm7
Anxa1,Grm7
Mbl2,Calcr
Gsto1,Ryr1
Tfrc,Tf
Tf,Tfrc
B2m,Tfrc
Cxcl2,Dpp4
Gcg,Dpp4
Cxcl9,Dpp4
Nppb,Dpp4
Dpp4,Cxcl12
Cxcl12,Dpp4
Npy,Dpp4
Vip,Dpp4
Ada,Dpp4
Mmp9,Tlr9
Hras,Tlr9
Tlr9,Hras
Ppy,Npy1r
B2m,Cd247
Col4a6,Cd47
Lgals9,Cd47
Col4a4,Cd47
Col4a3,Cd47
Col4a1,Cd47
Cd55,Cr1
C4a,Cr1
C4b,Cr1
2,Cr1
C1qa,Cr1
Gnas,Adora1
Afdn,Nectin4
Afdn,F11r
Calcb,Gpr20
Ccl8,Ackr1
B2m,Cd1b
Psap,Cd1b
Nppc,Npr1
Ceacam16,Tectb
Edn1,Adgrl4
Mdk,Tspan1
Gdf9,Bmpr1a
Tnfsf13b,Cd40
Ltb,Cd40
Angptl2,Tie1
Ntf4,Bex3
Bdnf,Bex3
Rims1,Slc18a3
Cxcl12,Sdc4
Lama1,Sdc4
Efna4,Epha10
Bmp7,Eng
Bmp2,Eng
Ccn1,Tlr4
Hspa1a,Tlr4
Colq,Musk
Adipoq,Cnr2
Ccl4,Cnr2
Rgma,Bmpr2
Psap,Ar
Hla-c,Notch4
Gdnf,Ednrb
Adcyap1,Gpr20
Adm,Gpr20
Pomc,Gpr20
Cga,Gpr20
Gcg,Gpr20
Rln2,Gpr20
Avp,Gpr20
Rln3,Gpr20
Adm2,Gpr20
Pthlh,Gpr20
Nps,Gpr20
Fshb,Gpr20
Insl3,Gpr20
Npnt,Itga8
Nrg1,Lgr4
Tnfsf11,Lgr4
Mepe,Phex
Col8a2,Slc4a11
Sptbn2,Ptpra
Ncam1,Ptpra
Irak4,Tlr7
Mdk,Sdc1
Slit2,Sdc1
B2m,Klrc2
B2m,Klrd1
Hla-b,Klrd1
Klrd1,Hla-b
Apoc1,Vldlr
Apoc4,Vldlr
Hla-g,Kir3dl1
B2m,Kir3dl1
B2m,Lilrb2
Hla-a,Lilrb2
Ins,Lilrb2
Hla-b,Lilrb2
Ceacam16,Tecta
Mdk,Ptprz1
Tnf,Vsir
Vegfc,Itgb1
Lama2,Itgb1
Lamb2,Itgb1
Npnt,Itgb1
Dspp,Itgb1
Mdk,Itgb1
Adam9,Itgb1
Chad,Itgb1
Angpt1,Itgb1
Vegfa,Itgb1
Mdk,Itga4
Il6,Hrh1
Ccn1,Itgb2
Spon2,Itgb2
Tnf,Trpm2
Fgf1,Fgfrl1
Vegfa,Sirpa
Ifne,Adgrv1
Cga,Fshr
Fshb,Fshr
Lama2,Itga6
Adam9,Itga6
Slit2,Dcc
Irak4,Tlr6
Fgf12,Fgfr1
Prg4,Cd44
Fgf1,Cd44
Vim,Cd44
Rgma,Bmpr1b
Vegfc,Ccbe1
Fgf21,Fgfr2
Ncam1,Fgfr2
Fgf12,Fgfr2
Cxcl17,Gpr35
B2m,Hfe
Rgma,Hfe
Ncam1,Robo1
Slit2,Robo1
Rgma,Tfr2
Nodal,Cfc1
B2m,Cd3g
B2m,Klrc1
Pthlh,Tshr
Adcyap1,Tshr
Ccl3,Ccr3
Ccl4,Ccr3
Spon2,Itgam
Adcyap1,Gpr84
Cga,Gpr84
Vegfa,Itgb3
Vegfa,Grin2b
Igf1,Itgav
Igf1,Itgb3
Igf1,Itga6
Igf1,Itgb4
Cxcl5,Ackr1
Ccl7,Ackr1
Ptn,Sdc3
Enho,Gpr19
Entpd1,Adora1
Entpd1,Adora2a
Entpd1,Adora2b
Lck,Cd8a
Lck,Cd8b
Nectin3,Nectin1
Hla-e,Klrk1
Hla-e,Klrc3
Nectin1,Nectin4
Nectin1,Nectin3
Nectin2,Nectin3
Nectin3,Nectin2
Plxnb2,Sema4g
Sema4g,Plxnb2
Sema6d,Tyrobp
Sema6b,Plxna2
Gja1,Gja5
Gjc1,Gja5
Gja3,Gja5
Gjc1,Gja1
Gja3,Gja1
Gja3,Gjc1
Chat,Chrna1
Chat,Chrnb1
Chat,Chrnd
Chat,Chrne
Slc10a4,Chrna1
Slc10a4,Chrnb1
Slc10a4,Chrnd
Slc10a4,Chrne
Chat,Chrng
Slc10a4,Chrng
Chat,Chrna3
Chat,Chrnb4
Slc10a4,Chrna3
Slc10a4,Chrnb4
Chat,Chrna4
Chat,Chrnb2
Slc10a4,Chrna4
Slc10a4,Chrnb2
Slc18a3,Chrna1
Slc18a3,Chrnb1
Slc18a3,Chrnd
Slc18a3,Chrne
Slc18a3,Chrng
Slc18a3,Chrna3
Slc18a3,Chrnb4
Slc18a3,Chrna4
Slc18a3,Chrnb2
Slc5a7,Chrna1
Slc5a7,Chrnb1
Slc5a7,Chrnd
Slc5a7,Chrne
Slc5a7,Chrng
Slc5a7,Chrna4
Slc5a7,Chrnb2
Gad1,Gabra1
Gad1,Gabrb3
Gad1,Gabrg2
Slc32a1,Gabra1
Slc32a1,Gabrb3
Slc32a1,Gabrg2
Gad1,Gabrb2
Slc32a1,Gabrb2
Gad1,Gabrd
Slc32a1,Gabrd
Gad1,Gabra2
Slc32a1,Gabra2
Gad1,Gabra3
Slc32a1,Gabra3
Gad1,Gabrq
Slc32a1,Gabrq
Gad1,Gabre
Slc32a1,Gabre
Gad1,Gabra4
Slc32a1,Gabra4
Gad1,Gabra5
Slc32a1,Gabra5
Gad1,Gabra6
Slc32a1,Gabra6
Slc6a1,Gabra1
Slc6a1,Gabrb3
Slc6a1,Gabrg2
Slc6a1,Gabrb2
Slc6a1,Gabrd
Slc6a1,Gabra2
Slc6a1,Gabra3
Slc6a1,Gabrq
Slc6a1,Gabre
Slc6a1,Gabra4
Slc6a1,Gabra5
Slc6a1,Gabra6
Slc6a11,Gabra1
Slc6a11,Gabrb3
Slc6a11,Gabrg2
Slc6a11,Gabrb2
Slc6a11,Gabrd
Slc6a11,Gabra2
Slc6a11,Gabra3
Slc6a11,Gabrq
Slc6a11,Gabre
Slc6a11,Gabra4
Slc6a11,Gabra5
Slc6a11,Gabra6
Tax1bp3,Adgrb1
Slc6a12,Gabra1
Slc6a12,Gabrb3
Slc6a12,Gabrg2
Slc6a12,Gabrb2
Slc6a12,Gabrd
Slc6a12,Gabra2
Slc6a12,Gabra3
Slc6a12,Gabrq
Slc6a12,Gabre
Slc6a12,Gabra4
Slc6a12,Gabra5
Slc6a12,Gabra6
Slc6a13,Gabra1
Slc6a13,Gabrb3
Slc6a13,Gabrg2
Thy1,Adgre2
Slc6a13,Gabrb2
Slc6a13,Gabrd
Slc6a13,Gabra2
Slc6a13,Gabra3
Slc6a13,Gabrq
Slc6a13,Gabre
Slc6a13,Gabra4
Slc6a13,Gabra5
Slc6a13,Gabra6
Slc6a6,Gabra1
Slc6a6,Gabrb3
Slc6a6,Gabrg2
Slc6a6,Gabrb2
Slc6a6,Gabrd
Slc6a6,Gabra2
Slc6a6,Gabra3
Slc6a6,Gabrq
Slc6a6,Gabre
Slc6a6,Gabra4
Itgav,Adgre2
Itgb1,Adgre2
Slc6a6,Gabra5
Slc6a6,Gabra6
Slc6a8,Gabra1
Slc6a8,Gabrb3
Slc6a8,Gabrg2
Slc6a8,Gabrb2
Slc6a8,Gabrd
Slc6a8,Gabra2
Slc6a8,Gabra3
Slc6a8,Gabrq
Slc6a8,Gabre
Slc6a8,Gabra4
Slc6a8,Gabra5
Slc6a8,Gabra6
Itgb3,Adgre2
Gad2,Gabra1
Gad2,Gabrb3
Gad2,Gabrg2
Gad2,Gabrb2
Gad2,Gabrd
Gad2,Gabra2
Gad2,Gabra3
Gad2,Gabrq
Gad2,Gabre
Gad2,Gabra4
Gad2,Gabra5
Gad2,Gabra6
Adgre5,Lpar2
Adgre5,Lpar3
Itgb1,Adgre5
Shmt1,Glra1
Shmt1,Glrb
Slc6a5,Glra1
Slc6a5,Glrb
Slc6a9,Glra1
Slc6a9,Glrb
Shmt2,Glra1
Shmt2,Glrb
Sftpd,Adgre5
Gast,Adgrg1
Flrt3,Adgrl1
Unc5a,Adgrl3
Nrxn2,Clstn2
Nt5e,Adora1
Slc29a1,Adora1
Slc29a2,Adora1
Slc29a3,Adora1
Slc29a4,Adora1
Nt5e,Adora2a
Slc29a1,Adora2a
Slc29a2,Adora2a
Slc29a3,Adora2a
Slc29a4,Adora2a
Nt5e,Adora2b
Slc29a1,Adora2b
Slc29a2,Adora2b
Slc29a3,Adora2b
Nrxn3,Clstn2
Slc29a4,Adora2b
Nt5e,Adora3
Slc29a1,Adora3
Slc29a2,Adora3
Slc29a3,Adora3
Slc29a4,Adora3
Pnmt,Adra1a
Slc18a1,Adra1a
Slc18a2,Adra1a
Dbh,Adra1a
Slc6a2,Adra1a
Pnmt,Adra1b
Slc18a1,Adra1b
Slc18a2,Adra1b
Dbh,Adra1b
Slc6a2,Adra1b
Pnmt,Adra1d
Slc18a1,Adra1d
Slc18a2,Adra1d
Dbh,Adra1d
Nrxn1,Clstn3
Slc6a2,Adra1d
Pnmt,Adra2a
Slc18a1,Adra2a
Slc18a2,Adra2a
Dbh,Adra2a
Slc6a2,Adra2a
Pnmt,Adra2b
Slc18a1,Adra2b
Slc18a2,Adra2b
Dbh,Adra2b
Slc6a2,Adra2b
Pnmt,Adra2c
Slc18a1,Adra2c
Slc18a2,Adra2c
Dbh,Adra2c
Slc6a2,Adra2c
Pnmt,Adrb1
Slc18a1,Adrb1
Nrxn2,Clstn3
Slc18a2,Adrb1
Dbh,Adrb1
Slc6a2,Adrb1
Pnmt,Adrb2
Slc18a1,Adrb2
Slc18a2,Adrb2
Dbh,Adrb2
Slc6a2,Adrb2
Pnmt,Adrb3
Slc18a1,Adrb3
Slc18a2,Adrb3
Dbh,Adrb3
Slc6a2,Adrb3
Chat,Chrm1
Slc10a4,Chrm1
Slc18a3,Chrm1
Slc5a7,Chrm1
Chat,Chrm2
Slc10a4,Chrm2
Slc18a3,Chrm2
Slc5a7,Chrm2
Chat,Chrm3
Slc10a4,Chrm3
Slc18a3,Chrm3
Slc5a7,Chrm3
Chat,Chrm4
Slc10a4,Chrm4
Slc18a3,Chrm4
Slc5a7,Chrm4
Chat,Chrm5
Slc10a4,Chrm5
Slc18a3,Chrm5
Slc5a7,Chrm5
Nrxn1,Clstn1
Nrxn2,Clstn1
Nrxn3,Clstn1
Nrxn1,Clstn2
Nrxn3,Clstn3
Ggt1,Cysltr1
Ggt5,Cysltr1
Dpep1,Cysltr1
Dpep2,Cysltr1
Dpep3,Cysltr1
Ggt1,Cysltr2
Ggt5,Cysltr2
Dpep1,Cysltr2
Dpep2,Cysltr2
Dpep3,Cysltr2
Ddc,Drd1
Slc18a1,Drd1
Slc18a2,Drd1
Slc6a3,Drd1
Ddc,Drd2
Slc18a1,Drd2
Slc18a2,Drd2
Slc6a3,Drd2
Ddc,Drd3
Slc18a1,Drd3
Slc18a2,Drd3
Slc6a3,Drd3
Ddc,Drd4
Slc18a1,Drd4
Slc18a2,Drd4
Slc6a3,Drd4
Ddc,Drd5
Slc18a1,Drd5
Slc18a2,Drd5
Slc6a3,Drd5
Tafa4,Fpr1
Ctsg,Fpr1
Alox12,Fpr2
Gad1,Gabbr1
Slc32a1,Gabbr1
Slc6a1,Gabbr1
Slc6a11,Gabbr1
Slc6a12,Gabbr1
Slc6a13,Gabbr1
Slc6a6,Gabbr1
Slc6a8,Gabbr1
Gad2,Gabbr1
Gad1,Gabbr2
Slc32a1,Gabbr2
Slc6a1,Gabbr2
Slc6a11,Gabbr2
Slc6a12,Gabbr2
Slc6a13,Gabbr2
Slc6a6,Gabbr2
Slc6a8,Gabbr2
Gad2,Gabbr2
Gls,Gria1
Slc17a6,Gria1
Slc17a7,Gria1
Slc17a8,Gria1
Slc1a1,Gria1
Slc1a2,Gria1
Slc1a3,Gria1
Slc1a6,Gria1
Slc1a7,Gria1
Gls2,Gria1
Gls,Gria2
Slc17a6,Gria2
Slc17a7,Gria2
Slc17a8,Gria2
Slc1a1,Gria2
Slc1a2,Gria2
Slc1a3,Gria2
Slc1a6,Gria2
Slc1a7,Gria2
Gls2,Gria2
Gls,Gria3
Slc17a6,Gria3
Slc17a7,Gria3
Slc17a8,Gria3
Slc1a1,Gria3
Slc1a2,Gria3
Slc1a3,Gria3
Slc1a6,Gria3
Slc1a7,Gria3
Gls2,Gria3
Gls,Gria4
Slc17a6,Gria4
Slc17a7,Gria4
Slc17a8,Gria4
Slc1a1,Gria4
Slc1a2,Gria4
Slc1a3,Gria4
Slc1a6,Gria4
Slc1a7,Gria4
Gls2,Gria4
Cbln1,Grid2
Nrxn1,Grid2
Gls,Grik1
Slc17a6,Grik1
Slc17a7,Grik1
Slc17a8,Grik1
Slc1a1,Grik1
Slc1a2,Grik1
Slc1a3,Grik1
Slc1a6,Grik1
Slc1a7,Grik1
Gls2,Grik1
Gls,Grik2
Slc17a6,Grik2
Slc17a7,Grik2
Slc17a8,Grik2
Slc1a1,Grik2
Slc1a2,Grik2
Slc1a3,Grik2
Slc1a6,Grik2
Slc1a7,Grik2
Gls2,Grik2
Gls,Grik3
Slc17a6,Grik3
Slc17a7,Grik3
Slc17a8,Grik3
Slc1a1,Grik3
Slc1a2,Grik3
Slc1a3,Grik3
Slc1a6,Grik3
Slc1a7,Grik3
Gls2,Grik3
Gls,Grm1
Slc17a6,Grm1
Slc17a7,Grm1
Slc17a8,Grm1
Slc1a1,Grm1
Slc1a2,Grm1
Slc1a3,Grm1
Slc1a6,Grm1
Slc1a7,Grm1
Gls2,Grm1
Gls,Grm2
Slc17a6,Grm2
Slc17a7,Grm2
Slc17a8,Grm2
Slc1a1,Grm2
Slc1a2,Grm2
Slc1a3,Grm2
Slc1a6,Grm2
Slc1a7,Grm2
Gls2,Grm2
Gls,Grm3
Slc17a6,Grm3
Slc17a7,Grm3
Slc17a8,Grm3
Slc1a1,Grm3
Slc1a2,Grm3
Slc1a3,Grm3
Slc1a6,Grm3
Slc1a7,Grm3
Gls2,Grm3
Gls,Grm4
Slc17a6,Grm4
Slc17a7,Grm4
Slc17a8,Grm4
Slc1a1,Grm4
Slc1a2,Grm4
Slc1a3,Grm4
Slc1a6,Grm4
Slc1a7,Grm4
Gls2,Grm4
Gls,Grm5
Slc17a6,Grm5
Slc17a7,Grm5
Slc17a8,Grm5
Slc1a1,Grm5
Slc1a2,Grm5
Slc1a3,Grm5
Slc1a6,Grm5
Slc1a7,Grm5
Gls2,Grm5
Gls,Grm6
Slc17a6,Grm6
Slc17a7,Grm6
Slc17a8,Grm6
Slc1a1,Grm6
Slc1a2,Grm6
Slc1a3,Grm6
Slc1a6,Grm6
Slc1a7,Grm6
Gls2,Grm6
Gls,Grm7
Slc17a6,Grm7
Slc17a7,Grm7
Slc17a8,Grm7
Slc1a1,Grm7
Slc1a2,Grm7
Slc1a3,Grm7
Slc1a6,Grm7
Slc1a7,Grm7
Gls2,Grm7
Gls,Grm8
Slc17a6,Grm8
Slc17a7,Grm8
Slc17a8,Grm8
Slc1a1,Grm8
Slc1a2,Grm8
Slc1a3,Grm8
Slc1a6,Grm8
Slc1a7,Grm8
Gls2,Grm8
Slc18a1,Htr1a
Slc18a2,Htr1a
Slc6a4,Htr1a
Tph2,Htr1a
Bmp4,Rgmb
Slc18a1,Htr1b
Slc18a2,Htr1b
Slc6a4,Htr1b
Tph2,Htr1b
Slc18a1,Htr1d
Slc18a2,Htr1d
Slc6a4,Htr1d
Nrxn2,Lrrtm1
Tph2,Htr1d
Slc18a1,Htr1e
Slc18a2,Htr1e
Slc6a4,Htr1e
Tph2,Htr1e
Nrxn3,Lrrtm1
Slc18a1,Htr1f
Slc18a2,Htr1f
Slc6a4,Htr1f
Tph2,Htr1f
Slc18a1,Htr2a
Slc18a2,Htr2a
Slc6a4,Htr2a
Tph2,Htr2a
Slc18a1,Htr2b
Slc18a2,Htr2b
Slc6a4,Htr2b
Tph2,Htr2b
Nrxn2,Lrrtm3
Slc18a1,Htr2c
Slc18a2,Htr2c
Slc6a4,Htr2c
Tph2,Htr2c
Slc18a1,Htr4
Slc18a2,Htr4
Slc6a4,Htr4
Nrxn3,Lrrtm3
Tph2,Htr4
Slc18a1,Htr5a
Slc18a2,Htr5a
Slc6a4,Htr5a
Tph2,Htr5a
Slc18a1,Htr6
Slc18a2,Htr6
Slc6a4,Htr6
Tph2,Htr6
Slc18a1,Htr7
Slc18a2,Htr7
Slc6a4,Htr7
Nrxn1,Lrrtm4
Tph2,Htr7
Lrrc4b,Ptprd
Lrrc4b,Ptprs
Lrrc4c,Ptprf
Nrxn1,Lrrtm1
Nrxn1,Lrrtm2
Nrxn2,Lrrtm2
Nrxn3,Lrrtm2
Nrxn1,Lrrtm3
Nrxn2,Lrrtm4
Nrxn3,Lrrtm4
Lrrtm4,Ptprs
Lta4h,Ltb4r
Lta4h,Ltb4r2
Ptprs,Ntrk3
Ntrk3,Ptprs
Ptgds,Ptgdr
Ptgds,Ptgdr2
Ptges,Ptger1
Ptges2,Ptger1
Ptges3,Ptger1
C1qb,Cd33
Ptges,Ptger2
Ptges2,Ptger2
Ptges3,Ptger2
Ptges,Ptger3
Ptges2,Ptger3
Ptges3,Ptger3
Ptges,Ptger4
Ptges2,Ptger4
Ptges3,Ptger4
Ccn2,Igf2r
Akr1c3,Ptgfr
Cbr1,Ptgfr
Prxl2b,Ptgfr
Ptgis,Ptgir
Slitrk1,Ptprd
Slitrk1,Ptprs
Slitrk2,Ptprd
Col18a1,Ptprs
Slitrk2,Ptprs
Slitrk3,Ptprd
Slitrk4,Ptprs
Slitrk5,Ptprs
Slitrk6,Ptprs
Tbxas1,Tbxa2r
Gls,Grik4
Slc17a6,Grik4
Gls,Grik5
Slc17a6,Grik5
Gls,Grin1
Gls,Grin2a
Slc17a6,Grin1
Slc17a6,Grin2a
Gls,Grin2b
Slc17a6,Grin2b
Gls,Grin2c
Slc17a6,Grin2c
Dagla,Cnr1
Gls,Grin2d
Slc17a6,Grin2d
Slc17a7,Grik4
Slc17a7,Grik5
Slc17a7,Grin1
Slc17a7,Grin2a
Dagla,Cnr2
Slc17a7,Grin2b
Slc17a7,Grin2c
Slc17a7,Grin2d
Slc17a8,Grik4
Slc17a8,Grik5
Dagla,Gpr55
Slc17a8,Grin1
Slc17a8,Grin2a
Slc17a8,Grin2b
Slc17a8,Grin2c
Slc17a8,Grin2d
Slc1a1,Grik4
Daglb,Cnr1
Slc1a1,Grik5
Slc1a1,Grin1
Slc1a1,Grin2a
Slc1a1,Grin2b
Slc1a1,Grin2c
Slc1a1,Grin2d
Slc1a2,Grik4
Daglb,Cnr2
Slc1a2,Grik5
Slc1a2,Grin1
Slc1a2,Grin2a
Slc1a2,Grin2b
Slc1a2,Grin2c
Daglb,Gpr55
Slc1a2,Grin2d
Slc1a3,Grik4
Slc1a3,Grik5
Slc1a3,Grin1
Slc1a3,Grin2a
App,Trem2
App,Tyrobp
Slc1a3,Grin2b
Slc1a3,Grin2c
Slc1a3,Grin2d
Slc1a6,Grik4
Slc1a6,Grik5
Cyp11b2,Nr3c1
Slc1a6,Grin1
Slc1a6,Grin2a
Slc1a6,Grin2b
Slc1a6,Grin2c
Slc1a6,Grin2d
Slc1a7,Grik4
Cyp11b2,Nr3c2
Slc1a7,Grik5
Slc1a7,Grin1
Slc1a7,Grin2a
Slc1a7,Grin2b
Slc1a7,Grin2c
Slc1a7,Grin2d
Gls2,Grik4
Apoa1,Trem2
Apoa1,Tyrobp
Gls2,Grik5
Gls2,Grin1
Gls2,Grin2a
Gls2,Grin2b
Gls2,Grin2c
Apoa2,Trem2
Apoa2,Tyrobp
Gls2,Grin2d
Apob,Trem2
Apob,Tyrobp
Apoe,Tyrobp
Cd276,Treml2
Lgals9,P4hb
Asmt,Mtnr1a
Asmt,Mtnr1b
Ptgr1,Ltb4r
Ptgr1,Ltb4r2
Cd99,Pilrb
Cel,Rora
Dhcr24,Rora
Lipa,Rora
Cyp11b1,Nr3c1
Cyp11b1,Nr3c2
Ubash3b,Ppara
Igfbp3,Tmem219
Lgals9,Bcr
Lgals9,Cd22
Lgals9,Ptprc
Adam11,Itga4
Amh,Bmpr1b
Ntn4,Ntrk2
Ntn4,Unc5b
Nrg1,Itga6
Nrg1,Itgb4
Ppia,Bsg
Gphb5,Tshr
Tulp1,Tyro3
Adam23,Itga5
Adam23,Itgb3
Adam29,Itga4
Adam7,Itga4
Adam7,Itgb7
Agrn,Atp1a3
Agrn,Dag1
Agt,Mas1
Alcam,Chl1
Alcam,Nrp1
Ambn,Cd63
Amelx,Cd63
Amelx,Lamp2
Amely,Cd63
Amely,Lamp1
Amely,Lamp2
Angptl2,Itga5
Anos1,Sdc2
Anxa1,Dysf
Asip,F11r
Bdnf,Ngfr
Bmp15,Bmpr1a
Cxcl12,Itgb3
Bmp2,Rgmb
Bmp4,Cfc1
Cxcl5,Cxcr1
Bmp7,Hjv
Bmp8a,Tgfbr1
Bmp8a,Tgfbr2
Bsg,Slc16a1
Bsg,Slc16a7
Ccl20,Ackr4
Ccl21,Ccr10
Ccl28,Ackr2
Ccl4l1,Ccr1
Ccl4l1,Ccr3
Ccl4l1,Ccr5
Ccn2,Fgfr2
Ccn2,Itga5
Ccn4,Itga5
Ccn4,Itgb1
Cd200,Cd200r1l
Cd9,L1cam
L1cam,Cd9
Cfp,Ncr1
Cirbp,Trem1
Clec11a,Itga10
Clec11a,Itga11
Clec11a,Itgb1
Cntf,Il6r
Col1a1,Gp6
Col1a2,Gp6
Col2a1,Mag
Col3a1,Mag
Col5a1,Sdc3
Col5a3,Sdc3
Cytl1,Ccr2
Tff2,Cxcr4
Col9a1,Mag
Col9a2,Mag
Comp,Cd47
Comp,Itga5
Crlf1,Cntfr
Cthrc1,Fzd3
Cthrc1,Fzd5
Cthrc1,Fzd6
Cthrc1,Ror2
Cx3cl1,Itgav
Cx3cl1,Itgb3
Cxcl10,Sdc4
Cxcl12,Itga4
Cxcl12,Itga5
Cxcl12,Itgav
Dag1,Lama4
Dkk1,Lrp4
Dkk2,Kremen1
Dkk2,Lrp5
Dkk4,Kremen1
Dkk4,Kremen2
Dnajb11,Prtg
Dspp,Itgb6
Ecm1,Itgb4
Edil3,Itgb3
Il1rapl1,Ptprd
Efna5,Ephb6
Enam,Cd63
Epo,Crlf3
F10,F3
Fam3d,Fpr1
Fam3d,Fpr2
Fgb,Itga5
Fgg,Itga5
Fgg,Itgav
Fndc5,Itgav
Fndc5,Itgb5
Fzd8,Ckap4
Gdf1,Acvr1
Gdf1,Bmpr1a
Gdf1,Bmpr2
Il1rapl1,Ptprf
Il26,Il20rb
Gdf2,Acvr2b
Gdf3,Cripto
Gdf5,Ror2
Gnai2,Adra2b
Adra2b,Gnai2
Gnai2,Agtr2
Agtr2,Gnai2
Tff3,Ackr3
Gnai2,Cnr1
Gnai2,Ednra
Gnai2,Egfr
Havcr1,Cd300lb
Hbegf,Cd9
Hgf,St14
Hla-c,Lilra3
Klrd1,Hla-e
Hla-g,Klrd1
Klrd1,Hla-g
Hmgb1,Sdc1
Hras,Agtr1
Agtr1,Hras
Hspg2,Itgb1
Icam4,Itga2b
Ifnl4,Ifnlr1
Ifnl4,Il10rb
Il16,Grin2d
Il16,Kcnj15
Ptprd,Il1rapl1
Itgb2,Thy1
Kng1,Gpr135
Ptprz1,L1cam
L1cam,Ptprz1
Lama1,Itgb1
Lama2,Dag1
Leap2,Ghsr
Lgi1,Adam11
Lgi1,Adam22
Lgi1,Adam23
Lgi1,Rtn4r
Lgi2,Adam11
Lgi2,Adam22
Lgi2,Adam23
Lgi3,Adam22
Lgi3,Adam23
Lgi3,Flot1
Lgi3,Stx1a
Lgi4,Adam11
Lgi4,Adam22
Lgi4,Adam23
Htr2c,Lin7c
Lin7c,Htr2c
Ltf,Lrp11
Ly86,Cd180
Matn1,Itgb1
Nectin4,Tigit
Mfge8,Itgav
Mmp9,Ephb2
Msmp,Ccr2
Muc2,Agr2
Myl9,Cd69
Myoc,Fzd1
Nampt,Insr
Myoc,Fzd10
Myoc,Fzd3
Myoc,Fzd4
Myoc,Fzd7
Ncam1,Robo3
Nell2,Robo3
Nppb,Npr2
Ntn1,Mcam
Ntrk3,Ptprd
Ntrk3,Ptprf
Nxph1,Nrxn2
Spon1,Lrp8
Nxph3,Nrxn1
Nxph3,Nrxn2
Nxph3,Nrxn3
Omg,Tnfrsf1b
Pdcd1lg2,Rgmb
Pglyrp1,Trem1
Pla2g10,Pla2r1
Pla2g2a,Itga4
Pla2g2a,Itga5
Pla2g2a,Itgav
Pla2g2a,Itgb1
Pla2g2a,Itgb3
Plau,St14
Plg,F3
Postn,Ptk7
Prnd,Rpsa
Proc,Tek
Ptdss1,Jmjd6
Jmjd6,Ptdss1
Ptdss1,Scarb1
Scarb1,Ptdss1
Ptma,Vipr1
Ptn,Plxnb2
Pvr,Pvrig
Qrfp,P2ry14
Rbp3,Notch1
Reln,Itga3
Rspo2,Rnf43
Rspo3,Fzd8
Rspo3,Lrp6
Rtn4,S1pr2
Sdc2,Ptprj
Sectm1,Cd7
Tyrobp,Sema6d
Spon2,Itga4
Spon2,Itga5
Serping1,Lrp1
Sfrp1,Fzd2
Sirpb2,Cd47
Spon2,Itgb1
Tcn1,Cd320
Slit1,Sdc1
Slit2,App
Slit3,Robo4
Slitrk3,Ptprs
Slitrk5,Ptprd
Snca,Lag3
Sostdc1,Lrp4
Sostdc1,Lrp5
Sostdc1,Lrp6
Spon1,App
Tnc,Cntn1
Tnfsf12,Cd163
Tor2a,Atp5f1b
Vegfc,Vipr2
Wnt1,Fzd10
Wnt10b,Fzd7
Wnt11,Fzd8
Wnt16,Fzd2
Wnt16,Lrp5
Wnt2,Fzd5
Wnt2,Fzd7
Wnt2b,Fzd7
Wnt5a,Fzd7
Wnt6,Fzd7
Wnt8a,Fzd4
Zp3,Mertk
Spp1,S1pr1
Lama1,Tmprss6
Wnt8b,Fzd2
Il25,Il17ra
Wnt9b,Fzd7
Wnt9b,Fzd1
Efemp2,Lingo1
Serpina7,Slc16a2
Wnt16,Fzd5
Wnt16,Lrp6
Wnt3,Fzd3
Wnt7a,Fzd6
Wnt3,Fzd6
Wnt6,Fzd6
Wnt6,Lrp6
Psap,Celsr1
Wnt5b,Fzd9
Wnt9a,Fzd2
Wnt7a,Fzd2
Wnt8a,Fzd10
Wnt8b,Fzd1
Wnt8b,Fzd3
Bmp3,Bmpr2
Wnt7b,Fzd6
Wnt7b,Fzd9
Wnt9a,Fzd9
Wnt4,Fzd4
Ccn2,Erbb4
Wnt8a,Fzd9
Efemp2,Catsper1
Wnt3a,Fzd9
Il16,Kcnd1
Wnt2b,Fzd8
Wnt2b,Fzd1
Wnt9b,Fzd9
Wnt16,Fzd10
Wnt8a,Fzd6
Mstn,Acvr2a
Wnt7b,Fzd3
Wnt9b,Fzd3
Sytl3,Nrxn1
Col1a1,Tmprss6
Wnt9b,Fzd6
Wnt6,Fzd2
Bmp3,Bmpr1b
Wnt4,Fzd10
Wnt6,Fzd3
Wnt7a,Fzd3
Bmp3,Bmpr1a
Wnt2b,Fzd2
Wnt8a,Fzd7
Fn1,Tmprss6
Krtap4-12,Plscr4
Il16,Kcna3
Wnt16,Fzd9
Lrp1b,Plaur
Wnt8b,Fzd4
Krtap4-12,Lingo1
Wnt2b,Fzd9
Ccl5,Ackr4
Wnt1,Fzd6
Wnt4,Fzd7
Adcyap1,Dpp4
Itgam,Icam1
Npy,Mc4r
Gdf9,Fxyd6
Il16,Kcnd2
Wnt6,Fzd5
Thbs1,Itgav
Wnt16,Fzd7
Wnt6,Fzd1
Wnt8a,Fzd3
Wnt4,Fzd5
Wnt2b,Fzd3
Wnt8b,Fzd7
Wnt8b,Fzd10
Wnt2b,Fzd10
Gdf9,Orai2
Wnt16,Fzd8
Wnt9b,Fzd2
Wnt9a,Fzd3
Wnt8a,Fzd2
Wnt9a,Fzd6
Wnt10a,Fzd7
Wnt8b,Fzd6
Krtap4-12,Cntfr
Wnt6,Fzd9
Wnt16,Fzd3
Wnt4,Fzd3
C4a,Cd46
Ceacam5,Ceacam6
Ceacam6,Ceacam5
Wnt2b,Fzd6
Wnt4,Fzd9
Wnt3,Fzd9
Wnt16,Fzd1
Krtap4-12,Catsper1
Wnt8a,Fzd1
Wnt6,Fzd8
Wnt7a,Fzd4
Wnt8b,Fzd9
Pdap1,Pdgfrb
Olfm2,Robo2
Ptn,Cdh10
Pon2,Htr2a
Wnt16,Fzd4
Krtap4-12,Pdgfrb
Wnt2,Fzd10
Krtap4-12,Cldn2
Wnt6,Fzd10
Il16,Grin2c
Wnt2b,Fzd5
Wnt2,Fzd6
Wnt9a,Fzd7
Gpr15lg,Gpr15
Dusp18,Itgb1
Dusp18,Itga6
Dusp18,Itgb4
Dusp18,Rpsa
Dusp18,Itga3
Dusp18,Cd151
Ace,Agtr2
Ccl18,Erg28
Hras,Grin2d
Hras,Tlr2
Inhbc,Acvr1
Inhbc,Acvr1b
Krtap4-12,Aqp1
Prss23,Tmem222
Abca1,Shank1
Shank1,Abca1
Shbg,Cd177
Vegfa,Ephb2
Ccl11,Ccr1
H3bsr6,Cx3cr1
Fn1,A0a2r8ygi3
Hla-c,Klrd1
Klrd1,Hla-c
Hla-a,Klrd1
Klrd1,Hla-a
Il15,A0a2r8ye73
Il2,A0a2r8ye73
Il6,A0a087wtb5
Il7,A0a2r8ye73
Lama2,A0a0c4dg17
Lamb2,A0a0c4dg17
Nid1,A0a2r8ygi3
Nid2,A0a2r8ygi3
Tnc,Itgb6
C4b,C5ar2
2,C5ar2
Ccl8,Cxcr3
C9jv77,Insr
C4b,C3ar1
2,C3ar1
Ccl3l1,Ccr4
Ccl4l1,Ccr8
Ccl13,Ccr10
Ccl8,Ccr10
Ccl11,Ccr10
Cntf,A0a087wtb5
Cxcl1,Xcr1
Cxcl3,Xcr1
B4dxg7,Epha2
Epha2,B4dxg7
B4dxg7,Epha4
Epha4,B4dxg7
B4dxg7,Epha7
Epha7,B4dxg7
B4dxg7,Epha8
Epha8,B4dxg7
B4dxg7,Ephb1
Ephb1,B4dxg7
F8wcm8,Efnb1
Efnb1,F8wcm8
F8wcm8,Efnb2
Efnb2,F8wcm8
Erbb2,Hla-g
Hla-g,Erbb2
Hla-b,Erbb2
Erbb2,Hla-b
Erbb2,Hla-c
Hla-c,Erbb2
C3w5p5,Hras
Hras,C3w5p5
Icam1,Cd209
Cd209,Icam1
Icam1,Clec4m
Clec4m,Icam1
A0a087wws6,Ifnar2
Il21,A0a2r8ye73
Il4,A0a2r8ye73
Il9,A0a2r8ye73
Lama1,A0a0c4dg17
A0a0a0mr89,Nlgn1
Nlgn1,A0a0a0mr89
A0a0a0mr89,Nlgn2
Nlgn2,A0a0a0mr89
I3ni19,Npbwr1
Ntn4,H0y8r2
Nxph1,A0a0a0mr89
Nxph3,A0a0a0mr89
Penk,Mrgprx3
Penk,Mrgprx2
Penk,Mrgprx4
Pf4v1,Ldlr
Pf4v1,Procr
Pf4v1,Sdc2
Pf4v1,Thbd
Pomc,G3v4f0
Ppy,Npy4r2
A0a0c4dg17,Prnd
Prnd,A0a0c4dg17
E7end6,Procr
E7end6,Thbd
Psap,A0a6i8pl36
Rln3,B4dgp2
Asip,G3v4f0
Shank1,Adgrb2
Shank1,Adgrl2
Alox5ap,Alox5
Ace2,Slc6a19
Sfrp1,Wnt5a
Sfrp2,Wnt3a
Frzb,Wnt3a
Sfrp1,Wnt3a
Sfrp2,Wnt5a
Wif1,Wnt3a
Wif1,Wnt4
Wif1,Wnt5a
Wif1,Wnt5b
Wif1,Wnt7a
Wif1,Wnt9a
Wif1,Wnt11
Sfrp4,Wnt7a
Tnf,Ripk1
Lcn2,Slc22a17
Exoc3-as1,Traf2
Uba52,Erbb2
Uba52,Notch1
Ccl5,Ccrl2
Gnrh2,Gnrhr2
Dag1,Celsr3
L1cam,Ezr
L1cam,L1cam
Uba52,Acvr1
Uba52,Bmpr1b
Uba52,Tgfbr1
Dhh,Gas1
Tyr,Gpr143
Uba52,Fshr
Calm1,Adcy8
Galp,Gpr151
Lgals3,Mertk
Gast,Cckar
Bmp8b,Bmpr1b
Bmp8b,Bmpr2
Csf3,Csf1r
Csf2,Csf1r
Yars1,Cxcr1
Pdgfc,Flt4
Pdgfc,Kdr
Csh2,Prlr
Cshl1,Prlr
Pthlh,Prlhr
Apob,Lrp6
Tnc,Itga2
Crh,Mc2r
Plg,Igf2r
S100a4,Pglyrp1
Faslg,Tnfrsf1a
Hsp90aa1,Lrp1
Plau,Mrc2
Wnt6,Lrp5
Il1f10,Il1rap
Ctsg,F2rl3
Rln1,Rxfp3
Vwf,Itgav
Cyp11a1,Nr1h4
Cyp3a4,Nr1h4
Dhrs9,Pgr
Entpd1,Adora3
Cyp17a1,Ar
Hsd17b6,Nr1h4
Apoa1,Amn
Apoa1,Cubn
Apob,Apobr
Aldh1a1,Crabp2
Aldh1a1,Rara
Aldh1a1,Rxra
Aldh1a1,Rarb
Aldh1a1,Rxrb
Aldh1a1,Rarg
Aldh1a1,Rxrg
Aldh1a1,Rorb
Aldh1a2,Crabp2
Aldh1a2,Rara
Aldh1a2,Rxra
Aldh1a2,Rarb
Aldh1a2,Rxrb
Aldh1a2,Rarg
Aldh1a2,Rxrg
Aldh1a2,Rorb
Aldh1a3,Crabp2
Aldh1a3,Rara
Aldh1a3,Rxra
Aldh1a3,Rarb
Aldh1a3,Rxrb
Aldh1a3,Rarg
Aldh1a3,Rxrg
Aldh1a3,Rorb
Cadm3,Epb41l1
Cyp27b1,Vdr
Cel,Rorc
Dhcr24,Rorc
Lipa,Rorc
Ubash3b,Esr1
Ubash3b,Nr1i2
Dhcr7,Nr1h2
Dhcr7,Nr1h3
Cyp21a2,Nr3c2
Sult1e1,Ppara
Sult1e1,Ppard
Sult1e1,Pparg
Sult2a1,Ppara
Sult2a1,Ppard
Sult2a1,Pparg
Sult1a1,Ppara
Sult1a1,Ppard
Sult1a1,Pparg
Srd5a1,Ar
Srd5a2,Ar
Srd5a3,Ar
Cyp19a1,Esr1
Cyp19a1,Esr2
Cyp19a1,Gper1
Cyp19a1,Nr1i2
Hsd17b1,Esr1
Hsd17b1,Esr2
Hsd17b1,Gper1
Hsd17b1,Nr1i2
Ntn4,Unc5d
Cyp11a1,Nr1i2
Fdx1,Nr1i2
Fdx2,Nr1i2
Fdxr,Nr1i2
Hsd3b1,Catsper1
Hsd3b1,Catsperb
Hsd3b1,Catsperd
Hsd3b1,Catsper2
Hsd3b1,Catsper3
Hsd3b1,Catsper4
Akr1c3,Ptgdr2
Ddc,Htr1a
Ddc,Htr1b
Ddc,Htr1d
Ddc,Htr1e
Ddc,Htr1f
Ddc,Htr2a
Ddc,Htr2b
Ddc,Htr2c
Ddc,Htr3a
Ddc,Htr3b
Ddc,Htr3c
Ddc,Htr3d
Ddc,Htr3e
Ddc,Htr4
Ddc,Htr5a
Ddc,Htr6
Ddc,Htr7
Akr1d1,Ar
Hsd17b12,Ar
Hsd17b3,Ar
Dio3,Thra
Tg,Thra
Dio3,Thrb
Tg,Thrb
App,Slc45a3
Bdnf,Ddr1
Chat,Chrna2
Chat,Chrnb3
C6orf15,Ddr1
Cela3b,Chrm3
Cga,Sirpa
Cgb8,Sirpa
Clec3a,Clec2b
Col2a1,Or1e1
Cxcl13,Htr2a
Ecm1,Cachd1
Egfl8,Ncr3
Gdnf,Slc44a5
Gzmb,Pgrmc1
Hhipl2,Cachd1
Ankrd13c-dt,Chrm3
Hla-c,Ddr1
Hla-c,Slc9c2
Hla-e,Slc16a4
Hspg2,Chrm3
Il10,Sirpg
Il2,Gype
Lgals3bp,Vangl1
Lta,Cachd1
Lta,Ednra
Ltf,Gp9
Ltf,Gpr162
Ly6g5c,Pgap6
Gnrh1,Gnrhr2
Matn1,Ptprd
Mia,Cdh19
Mmp7,Cdh6
Olah,Mog
P4hb,Gpr162
Papln,Nectin4
Papln,Sirpa
Ren,Asic3
Tf,Gpr162
Tgfb1,Cd109
Thpo,Sirpb1
Tnc,Nt5e
Tnf,Slc5a11
Vegfb,Tyro3
Chat,Chrna5
Chat,Chrna6
Chat,Chrna7
Adm,Gper1
Adm2,Gper1
Agrn,Dok7
Agrn,Ptprs
Bmp15,Acvr1b
Gdf2,Acvr1b
Gdf2,Bmpr1b
Slc10a4,Chrna7
Slc18a3,Chrna7
Slc5a7,Chrna3
Slc5a7,Chrnb4
Slc5a7,Chrna7
Cgb1,Lhcgr
Cgb2,Lhcgr
Cgb7,Lhcgr
Gpr15lg,Susd2
Csf2,Csf2
Shmt1,Glra2
Slc6a5,Glra2
Slc6a9,Glra2
Shmt2,Glra2
Ihh,Gas1
Igf1,Gpc3
Ifna10,Ifna2
Ifna14,Ifna2
Ifna16,Ifna2
Ifna17,Ifna2
Ifna2,Ifna2
Ifna21,Ifna2
Ifna4,Ifna2
Ifna5,Ifna2
Ifna6,Ifna2
Ifna7,Ifna2
Ifna8,Ifna2
Ifnb1,Ifna2
Ifne,Ifna2
Ifng,Ifng
Ifnk,Ifna2
Ifnl3,Ifnl3
Ifnw1,Ifna2
Il13,Il13
Il15,Il15
Il18,Il18
Il1a,Il1b
Il1b,Il1b
Il1rn,Il1b
Il1rn,Il1rap
Il2,Il2
Il22,Il22
Il36rn,Il1rap
Il4,Il13
Il6,Il6
Raet1g,Hcst
Raet1l,Hcst
Ggt1,Gpr17
Ggt5,Gpr17
Lta4h,Gpr17
Ltc4s,Cysltr1
Ltc4s,Cysltr2
Alox12,Cysltr1
Alox5,Oxer1
Alox5ap,Oxer1
Ltc4s,Oxer1
Nlgn3,Ptprd
Akr1b1,Ptgfr
Akr1c3,Ptgdr
Slc18a1,Htr3a
Slc18a1,Htr3b
Slc18a1,Htr3c
Slc18a1,Htr3d
Tph1,Htr3a
Tph1,Htr3b
Tph1,Htr3c
Tph1,Htr3d
Tph2,Htr3a
Tph2,Htr3b
Tph2,Htr3c
Tph2,Htr3d
Slc18a2,Htr3a
Slc18a2,Htr3b
Slc18a2,Htr3c
Slc18a2,Htr3d
Slc6a4,Htr3a
Slc6a4,Htr3b
Slc6a4,Htr3c
Slc6a4,Htr3d
Spx,Gpr151
Tafa1,Cmklr2
Tafa5,Fpr2
Tafa5,S1pr2
Tgfb1,Acvr1
Tgfb3,Acvr1
Vwf,Gp1bb
Cer1,Wnt1
Sfrp4,Wnt1
Sfrp5,Wnt1
Frzb,Wnt10a
Cer1,Wnt11
Sfrp1,Wnt11
Sfrp2,Wnt11
Sfrp4,Wnt11
Sfrp5,Wnt11
Cer1,Wnt16
Frzb,Wnt16
Sfrp1,Wnt16
Sfrp2,Wnt16
Sfrp4,Wnt16
Sfrp5,Wnt16
Wif1,Wnt16
Cer1,Wnt2
Frzb,Wnt2
Sfrp2,Wnt2
Sfrp4,Wnt2
Sfrp5,Wnt2
Wif1,Wnt2
Cer1,Wnt2b
Frzb,Wnt2b
Sfrp1,Wnt2b
Sfrp2,Wnt2b
Sfrp4,Wnt2b
Sfrp5,Wnt2b
Wif1,Wnt2b
Cer1,Wnt3
Frzb,Wnt3
Sfrp1,Wnt3
Sfrp2,Wnt3
Sfrp4,Wnt3
Sfrp5,Wnt3
Wif1,Wnt3
Cer1,Wnt3a
Sfrp4,Wnt3a
Sfrp5,Wnt3a
Cer1,Wnt4
Frzb,Wnt4
Sfrp4,Wnt4
Sfrp5,Wnt4
Cer1,Wnt5a
Sfrp4,Wnt5a
Sfrp5,Wnt5a
Cer1,Wnt5b
Sfrp1,Wnt5b
Sfrp2,Wnt5b
Sfrp4,Wnt5b
Sfrp5,Wnt5b
Cer1,Wnt6
Frzb,Wnt6
Sfrp1,Wnt6
Sfrp2,Wnt6
Inha,Acvr1c
Sfrp4,Wnt6
Sfrp5,Wnt6
Wif1,Wnt6
Cer1,Wnt7a
Frzb,Wnt7a
Sfrp1,Wnt7a
Sfrp2,Wnt7a
Sfrp5,Wnt7a
Cer1,Wnt7b
Frzb,Wnt7b
Sfrp1,Wnt7b
Sfrp2,Wnt7b
Sfrp4,Wnt7b
Sfrp5,Wnt7b
Wif1,Wnt7b
Cer1,Wnt8a
Sfrp1,Wnt8a
Sfrp2,Wnt8a
Sfrp4,Wnt8a
Sfrp5,Wnt8a
Cer1,Wnt8b
Frzb,Wnt8b
Sfrp1,Wnt8b
Sfrp2,Wnt8b
Sfrp4,Wnt8b
Sfrp5,Wnt8b
Wif1,Wnt8b
Cer1,Wnt9a
Frzb,Wnt9a
Sfrp1,Wnt9a
Sfrp2,Wnt9a
Sfrp4,Wnt9a
Sfrp5,Wnt9a
Cer1,Wnt9b
Frzb,Wnt9b
Sfrp1,Wnt9b
Sfrp2,Wnt9b
Sfrp4,Wnt9b
Sfrp5,Wnt9b
Wif1,Wnt9b
Inha,Acvr1b
Alb,B2m
Alb,Fcgrt
Clu,Trem2
Clu,Tyrobp
Crlf2,Crlf2
Crlf2,Il7r
Crlf2,Tslp
Ervh48-1,Slc1a5
Nsmf,Gnrhr
Penk,Ghsr
Tslp,Tslp
Tyrobp,Cd44
Firrm,Plscr4
Cfap276,Plscr4
Calm1,Abca1
Calm1,Plpp6
Calm2,Abca1
Calm3,Abca1
Calm3,Plpp6
Dusp18,Itga1
Dusp18,Itga2
Dusp18,Itga7
Pik3cd-as1,Ly6g6c
Pik3cd-as1,Slc16a4
Uba52,Agtr1
Uba52,Egfr
Uba52,Tgfbr2
B4dxg7,Epha1
Epha1,B4dxg7
F8wcm8,Efna5
Efna5,F8wcm8
A0a087wws6,Ifnar1
Il13,A0a2r8ye73
M0r343,Cdh7
Npy,Npy4r2
Ntn1,H0y8r2
Ntn1,C9j2b6
